T,K,moneyness,option_type,model,price,delta,gamma,theta,vega
0.026694045174537988,84000.0,1.001058392241513,call,Black-Scholes,2147.956661781376,0.506610049697533,7.262013496590498e-05,-115.48189445926982,54.68617117621761
0.026694045174537988,85000.0,1.012975754053912,call,Black-Scholes,1703.3397209585091,0.434778801560989,7.165732033779373e-05,-113.82876044516888,53.961129199524294
0.026694045174537988,86000.0,1.024893115866311,call,Black-Scholes,1328.38853427496,0.3658383347716241,6.848334837649748e-05,-108.47795019145633,51.57098738091008
0.026694045174537988,87000.0,1.03681047767871,call,Black-Scholes,1018.5069689518459,0.301703973988826,6.34616770581322e-05,-100.06736987828481,47.78944572699402
0.026694045174537988,88000.0,1.0487278394911088,call,Black-Scholes,767.5797884044769,0.24381054480425346,5.708228126011855e-05,-89.45305853458922,42.9854770676684
0.026694045174537988,89000.0,1.060645201303508,call,Black-Scholes,568.5188490084929,0.19304878427294986,4.988802149821871e-05,-77.57479468923702,37.56788018017687
0.026694045174537988,90000.0,1.0725625631159068,call,Black-Scholes,413.8103745976514,0.14977333113444147,4.2405311428933014e-05,-65.33134980754767,31.93306769899209
0.026694045174537988,92000.0,1.0963972867407048,call,Black-Scholes,208.09096291478727,0.08484994308273014,2.829210768888694e-05,-42.606468397090794,21.305200316692208
0.026694045174537988,94000.0,1.1202320103655026,call,Black-Scholes,97.67377986410793,0.04440485114520023,1.7072518519385793e-05,-25.000352926087544,12.856354617429133
0.026694045174537988,95000.0,1.1321493721779017,call,Black-Scholes,65.23734772509488,0.03120520092887362,1.2798234440950782e-05,-18.447448241193797,9.637630607085157
0.026694045174537988,100000.0,1.1917361812398963,call,Black-Scholes,6.789072971389942,0.004061003949588915,2.1862589121536032e-06,-2.86709794155027,1.6463480239735873
0.026694045174537988,65000.0,0.7746285178059327,put,Black-Scholes,0.05325703325158404,-4.1782636520994035e-05,3.166452230313043e-08,-0.034017382732098866,0.023844755554369712
0.026694045174537988,68000.0,0.8103806032431295,put,Black-Scholes,0.8758894957543859,-0.0005879714626023239,3.7587246684365767e-07,-0.4551064159324376,0.2830481866368473
0.026694045174537988,70000.0,0.8342153268679275,put,Black-Scholes,4.232058903467816,-0.0025407515517439465,1.4337265656358679e-06,-1.8567197682929475,1.079658105219039
0.026694045174537988,72000.0,0.8580500504927254,put,Black-Scholes,16.614256723243216,-0.008858831812165258,4.364275921804253e-06,-5.984835195578853,3.2864892339318885
0.026694045174537988,73000.0,0.8699674123051244,put,Black-Scholes,30.647643388539336,-0.015357275577308219,7.0354059955850925e-06,-9.891142313434216,5.297966795444609
0.026694045174537988,74000.0,0.8818847741175234,put,Black-Scholes,54.07781738914446,-0.025415521024404416,1.078830768771769e-05,-15.512039065869885,8.124066097707328
0.026694045174537988,75000.0,0.8938021359299223,put,Black-Scholes,91.48766131367711,-0.04024539714381153,1.5766652159488645e-05,-23.129696538841472,11.872978040082671
0.026694045174537988,76000.0,0.9057194977423213,put,Black-Scholes,148.73580478789063,-0.06111225467686206,2.2001011592685174e-05,-32.85206080498028,16.567725180630077
0.026694045174537988,77000.0,0.9176368595547203,put,Black-Scholes,232.8852217980384,-0.08918242576239373,2.9364347673406702e-05,-44.52712018085185,22.112642244564995
0.026694045174537988,78000.0,0.9295542213671192,put,Black-Scholes,351.95168365075915,-0.12534259046268958,3.7548696450846755e-05,-57.689941133372486,28.275818795646046
0.026694045174537988,79000.0,0.9414715831795182,put,Black-Scholes,514.4691924712079,-0.17002211456023114,4.607391925049244e-05,-71.56514528281514,34.69568955097202
0.026694045174537988,80000.0,0.9533889449919172,put,Black-Scholes,728.9063074092701,-0.22305477744539168,5.433239572854318e-05,-85.13563845643876,40.914688968223345
0.026694045174537988,81000.0,0.9653063068043161,put,Black-Scholes,1003.0017782471587,-0.283612465865446,6.166432104853748e-05,-97.27102505673975,46.4359547053391
0.026694045174537988,82000.0,0.9772236686167151,put,Black-Scholes,1343.110638317834,-0.3502305564546536,6.744976981875269e-05,-106.89186073486417,50.792655291297706
0.026694045174537988,83000.0,0.989141030429114,put,Black-Scholes,1753.6562004273364,-0.4209260274910396,7.119868661158548e-05,-113.13471831388597,53.61575708157034
0.08418891170431211,85000.0,1.0059171597633136,call,Black-Scholes,3683.300629596888,0.502942120497936,4.06113878061535e-05,-64.2910801011385,97.80980927898781
0.08418891170431211,86000.0,1.017751479289941,call,Black-Scholes,3246.5495858004797,0.4628580198608601,4.043635385829202e-05,-64.00313278863177,97.3882518177561
0.08418891170431211,87000.0,1.029585798816568,call,Black-Scholes,2848.808784596302,0.42360330560940695,3.986553543128164e-05,-63.078594201339,96.01347428397276
0.08418891170431211,88000.0,1.0414201183431953,call,Black-Scholes,2488.6517419166994,0.3855275773660182,3.892889033356007e-05,-61.56627280507382,93.75762691015552
0.08418891170431211,89000.0,1.0532544378698225,call,Black-Scholes,2164.3695496664004,0.3489357607582785,3.766487294752008e-05,-59.52884149578313,90.71332480907586
0.08418891170431211,90000.0,1.0650887573964498,call,Black-Scholes,1874.02537076105,0.31408310793450417,3.61182339917475e-05,-57.039204946995596,86.98834784063365
0.08418891170431211,91000.0,1.0769230769230769,call,Black-Scholes,1615.510090001826,0.28117256729171974,3.4337762098016326e-05,-54.17677270152126,82.70020048894366
0.08418891170431211,92000.0,1.0887573964497042,call,Black-Scholes,1386.5969241196399,0.25035435843638615,3.237409921526884e-05,-51.02385849447819,77.97084902013012
0.08418891170431211,93000.0,1.1005917159763314,call,Black-Scholes,1184.993135303841,0.22172749074520892,3.0277735511503148e-05,-47.66238648247963,72.92189654890535
0.08418891170431211,94000.0,1.1124260355029585,call,Black-Scholes,1008.3873822952355,0.19534289790429352,2.809726977767486e-05,-44.17103854421657,67.67039048754668
0.08418891170431211,95000.0,1.1242603550295858,call,Black-Scholes,854.4916492428092,0.1712078256097284,2.587798378734834e-05,-40.62292854489533,62.325388062254206
0.08418891170431211,96000.0,1.136094674556213,call,Black-Scholes,721.0770873976217,0.14929110224448028,2.366075438041259e-05,-37.08384355207454,56.985340040591836
0.08418891170431211,98000.0,1.1597633136094674,call,Black-Scholes,507.24224882766975,0.11183093229999551,1.9369806156091887e-05,-30.252642298481078,46.65087791672704
0.08418891170431211,100000.0,1.183431952662722,call,Black-Scholes,351.19745170071565,0.08216808185416999,1.5442799632440133e-05,-24.024736970388403,37.19294515385627
0.08418891170431211,102000.0,1.2071005917159763,call,Black-Scholes,239.45653995942484,0.05926425997857965,1.2010083624506869e-05,-18.603661938742334,28.92547886963257
0.08418891170431211,104000.0,1.2307692307692308,call,Black-Scholes,160.87479568468552,0.04199260757155764,9.125334044233089e-06,-14.068827770431199,21.97775320880737
0.08418891170431211,105000.0,1.242603550295858,call,Black-Scholes,131.15714644127047,0.035121965388363666,7.888610390073671e-06,-12.131941547775568,18.99918746307776
0.08418891170431211,106000.0,1.2544378698224852,call,Black-Scholes,106.55823434567947,0.029254023230517696,6.783449594715988e-06,-10.40553315070565,16.337482072935927
0.08418891170431211,110000.0,1.301775147928994,call,Black-Scholes,44.90674812969769,0.013535033919393731,3.5286208788288545e-06,-5.353177406537725,8.49844601912082
0.08418891170431211,115000.0,1.3609467455621302,call,Black-Scholes,14.224279091697724,0.00475871536729672,1.4085296019689232e-06,-2.1041477551476646,3.3923490451257976
0.08418891170431211,40000.0,0.47337278106508873,put,Black-Scholes,6.264457052610587e-08,-4.251504410539988e-11,2.873342236084754e-14,-3.286380855709054e-08,6.920347774070058e-08
0.08418891170431211,45000.0,0.5325443786982249,put,Black-Scholes,3.701545596925134e-05,-2.1479329178257173e-08,1.2354851978028995e-11,-1.5464988054943174e-05,2.9756014491050427e-05
0.08418891170431211,48000.0,0.5680473372781065,put,Black-Scholes,0.0008083063859303796,-4.2599118980945575e-07,2.2169224944261161e-10,-0.00029000163281696356,0.0005339327938780336
0.08418891170431211,50000.0,0.591715976331361,put,Black-Scholes,0.004895292147442359,-2.416483931693031e-06,1.174268935767812e-09,-0.0015761810271266163,0.0028281545623842774
0.08418891170431211,52000.0,0.6153846153846154,put,Black-Scholes,0.02479611388367009,-1.1451567421204953e-05,5.187295558063399e-09,-0.007125785636930337,0.012493271975250186
0.08418891170431211,54000.0,0.6390532544378699,put,Black-Scholes,0.1069972332765432,-4.6170707975515696e-05,1.945771134518786e-08,-0.027289386472841404,0.046862632804733906
0.08418891170431211,55000.0,0.650887573964497,put,Black-Scholes,0.21036948971698521,-8.770083456693714e-05,3.562077922286303e-08,-0.050436613929641716,0.08579030896678219
0.08418891170431211,56000.0,0.6627218934911243,put,Black-Scholes,0.3997114850141017,-0.00016092820499013664,6.295840619262673e-08,-0.08995116253633917,0.15163116286043277
0.08418891170431211,57000.0,0.6745562130177515,put,Black-Scholes,0.7352098692670275,-0.00028575377953937817,1.0761373569116657e-07,-0.15506386534563177,0.2591805310796502
0.08418891170431211,58000.0,0.6863905325443787,put,Black-Scholes,1.3112345245745445,-0.0004917900829889915,1.7816654059055675e-07,-0.258789722579607,0.42910221078535926
0.08418891170431211,59000.0,0.6982248520710059,put,Black-Scholes,2.270999408524119,-0.000821583999753449,2.861336712455803e-07,-0.4187592410097096,0.6891337711763867
0.08418891170431211,60000.0,0.7100591715976331,put,Black-Scholes,3.825139854378776,-0.0013342217468288557,4.463734089301931e-07,-0.6579197307014226,1.0750603555649718
0.08418891170431211,61000.0,0.7218934911242604,put,Black-Scholes,6.274265858861099,-0.0021090801918979612,6.773003151181623e-07,-1.0049566085672552,1.6312321966140075
0.08418891170431211,62000.0,0.7337278106508875,put,Black-Scholes,10.035144033237259,-0.0032493820458310532,1.0008118595679078e-06,-1.4942714979921448,2.4103878581769322
0.08418891170431211,63000.0,0.7455621301775148,put,Black-Scholes,15.669663135853682,-0.004885121563321403,1.4418371092310184e-06,-2.165363951807592,3.472567320037001
0.08418891170431211,64000.0,0.757396449704142,put,Black-Scholes,23.915194800679842,-0.007174871244722765,2.0274439412684403e-06,-3.0615014645943575,4.882961728731061
0.08418891170431211,65000.0,0.7692307692307693,put,Black-Scholes,35.71443551386233,-0.010305975822360152,2.7854833938853528e-06,-4.227628064423925,6.708648454133481
0.08418891170431211,66000.0,0.7810650887573964,put,Black-Scholes,52.242381767463485,-0.01449269924482394,3.7428045533045404e-06,-5.707549821603379,9.014291851701728
0.08418891170431211,67000.0,0.7928994082840237,put,Black-Scholes,74.92782113068756,-0.019972016652093246,4.923134071534344e-06,-7.540535636613413,11.857035712159814
0.08418891170431211,68000.0,0.8047337278106509,put,Black-Scholes,105.46667908454037,-0.026996929475861704,6.344770822117869e-06,-9.757569548892661,15.280951977729273
0.08418891170431211,69000.0,0.8165680473372781,put,Black-Scholes,145.82478305149334,-0.03582741070112577,8.018294023479497e-06,-12.377571063068899,19.311519887173745
0.08418891170431211,70000.0,0.8284023668639053,put,Black-Scholes,198.2280981155527,-0.04671933373787902,9.944505646081302e-06,-15.403948553393548,23.950670980389077
0.08418891170431211,71000.0,0.8402366863905325,put,Black-Scholes,265.13922590330003,-0.059911972439348725,1.2112830420147167e-05,-18.821857660846035,29.17293531818359
0.08418891170431211,72000.0,0.8520710059171598,put,Black-Scholes,349.2198788447158,-0.07561485159073349,1.4500367714264694e-05,-22.596497713578174,34.92315868074911
0.08418891170431211,73000.0,0.863905325443787,put,Black-Scholes,453.2800609249398,-0.09399485116606744,1.7071739104824716e-05,-26.672697400486868,41.11613490372292
0.08418891170431211,74000.0,0.8757396449704142,put,Black-Scholes,580.2157029205828,-0.11516450659165946,1.977980350169674e-05,-30.975925490492955,47.638326321339264
0.08418891170431211,75000.0,0.8875739644970414,put,Black-Scholes,732.9374132994617,-0.13917239465223438,2.2567226914239273e-05,-35.41472753882772,54.35164945647557
0.08418891170431211,76000.0,0.8994082840236687,put,Black-Scholes,914.2937251347103,-0.1659963556158321,2.536882327367759e-05,-39.884452103517106,61.099106811980164
0.08418891170431211,77000.0,0.9112426035502958,put,Black-Scholes,1126.9926764485062,-0.19554009201552217,2.8114494290898057e-05,-44.272006840457834,67.71187241829466
0.08418891170431211,78000.0,0.9230769230769231,put,Black-Scholes,1373.525717789289,-0.22763342668467507,3.07325596699671e-05,-48.46129027941424,74.01730841356766
0.08418891170431211,79000.0,0.9349112426035503,put,Black-Scholes,1656.0977905076688,-0.2620362249859068,3.315322351180253e-05,-52.33888902963736,79.84731553260644
0.08418891170431211,80000.0,0.9467455621301775,put,Black-Scholes,1976.5669872013714,-0.2984457170237637,3.531192587586827e-05,-55.79961706735412,85.04640740247851
0.08418891170431211,81000.0,0.9585798816568047,put,Black-Scholes,2336.3965432224577,-0.3365067207067963,3.715234930643645e-05,-58.75150245229452,89.47894454249763
0.08418891170431211,82000.0,0.9704142011834319,put,Black-Scholes,2736.6210842847904,-0.3758240855074544,3.862887545225984e-05,-61.119891215836105,93.0350597258439
0.08418891170431211,83000.0,0.9822485207100592,put,Black-Scholes,3177.828148529574,-0.4159765622472478,3.9708364658655844e-05,-62.85042855823849,95.6349379135645
0.08418891170431211,84000.0,0.9940828402366864,put,Black-Scholes,3660.1550904527467,-0.4565312605282841,4.03711715088892e-05,-63.910782228427706,97.23126457465696
0.2375085557837098,88000.0,1.0197674098919527,call,Black-Scholes,5958.667983581385,0.49895391831925223,2.3676698790073838e-05,-38.882215145553346,167.77596510219155
0.2375085557837098,90000.0,1.0429439419349518,call,Black-Scholes,5160.33128685211,0.4531463208408397,2.351330177462919e-05,-38.60980240601202,166.6181138036336
0.2375085557837098,92000.0,1.0661204739779506,call,Black-Scholes,4448.401868686189,0.4089370089494061,2.305725161784072e-05,-37.854215863728314,163.38648853597988
0.2375085557837098,94000.0,1.0892970060209495,call,Black-Scholes,3817.5747808388114,0.3667688166557255,2.2343841813579693e-05,-36.67397542978142,158.3311780990698
0.2375085557837098,95000.0,1.100885272042449,call,Black-Scholes,3530.7746083157654,0.34656190521800423,2.190319692467059e-05,-35.94545306369764,155.20871343160252
0.2375085557837098,96000.0,1.1124735380639486,call,Black-Scholes,3262.0461414284327,0.3269871983805227,2.1413718946311877e-05,-35.13647913024397,151.74021477960196
0.2375085557837098,98000.0,1.1356500701069474,call,Black-Scholes,2775.719329608193,0.2898411997091135,2.031014742370476e-05,-33.31344349588471,143.92017101345118
0.2375085557837098,100000.0,1.1588266021499463,call,Black-Scholes,2352.3886060017066,0.2554888335684433,1.90766021149795e-05,-31.276901265224296,135.17911967610416
0.2375085557837098,102000.0,1.1820031341929453,call,Black-Scholes,1985.8958264574612,0.22400567654694425,1.7754797105857448e-05,-29.09591926880603,125.81264765358355
0.2375085557837098,104000.0,1.2051796662359442,call,Black-Scholes,1670.2584071578403,0.1953955468845603,1.6383181030356347e-05,-26.83410403632297,116.09320980869597
0.2375085557837098,105000.0,1.2167679322574436,call,Black-Scholes,1529.7139252568577,0.18215232186724936,1.5689553219810425e-05,-25.690830656021717,111.17807489617917
0.2375085557837098,106000.0,1.228356198278943,call,Black-Scholes,1399.768707784142,0.16960224998173107,1.499590286330187e-05,-24.54788601058317,106.26278663194171
0.2375085557837098,108000.0,1.2515327303219421,call,Black-Scholes,1169.0664995206498,0.1465215467917445,1.362220195799516e-05,-22.285517538817658,96.52857319224495
0.2375085557837098,110000.0,1.274709262364941,call,Black-Scholes,973.1872016239431,0.1260126881094309,1.2286167979343108e-05,-20.086684363934182,87.0612767835155
0.2375085557837098,115000.0,1.3326505924724383,call,Black-Scholes,607.0988649611818,0.08486034097302785,9.223830654660073e-06,-15.053032186752716,65.36118189969784
0.2375085557837098,120000.0,1.3905919225799355,call,Black-Scholes,372.1662462142267,0.05579698029397237,6.677501274468832e-06,-10.875738300846024,47.31758412926865
0.2375085557837098,125000.0,1.4485332526874328,call,Black-Scholes,224.6468618266399,0.035919444467690444,4.684441915169823e-06,-7.6130431765423054,33.194523536326415
0.2375085557837098,130000.0,1.5064745827949302,call,Black-Scholes,133.76716529430314,0.022695913587198493,3.197866257067009e-06,-5.185020906836144,22.66046878803536
0.2375085557837098,135000.0,1.5644159129024275,call,Black-Scholes,78.70691442328643,0.014107249949326916,2.131952772802362e-06,-3.4482654477135384,15.107276838671169
0.2375085557837098,140000.0,1.622357243009925,call,Black-Scholes,45.829994563871765,0.00864348905835601,1.3923511872676921e-06,-2.2462375519559146,9.866370833867677
0.2375085557837098,150000.0,1.7382399032249194,call,Black-Scholes,15.141260725404493,0.0031295378660145395,5.64065218024006e-07,-0.9050702197387466,3.9970358655111227
0.2375085557837098,160000.0,1.854122563439914,call,Black-Scholes,4.869140699226961,0.0010904525612297961,2.1635197513318864e-07,-0.3451699251636171,1.5330972363358342
0.2375085557837098,170000.0,1.9700052236549088,call,Black-Scholes,1.5356383466067491,0.0003691998078872197,7.961819797726926e-08,-0.12627282717873456,0.5641847509632925
0.2375085557837098,180000.0,2.0858878838699035,call,Black-Scholes,0.4778506041702375,0.00012239771334960275,2.8401515877302983e-08,-0.04477097091846716,0.2012568760942024
0.2375085557837098,190000.0,2.201770544084898,call,Black-Scholes,0.14742179066797112,3.99753869022337e-05,9.899872610441498e-09,-0.01550936095403932,0.07015183859295782
0.2375085557837098,200000.0,2.3176532042998925,call,Black-Scholes,0.04526694727824099,1.2925179327841485e-05,3.393280710883367e-09,-0.005282760182115265,0.024045263082639323
0.2375085557837098,210000.0,2.4335358645148872,call,Black-Scholes,0.01387719674149257,4.153378129964756e-06,1.1494505433104119e-09,-0.0017782304552283468,0.008145174212173534
0.2375085557837098,220000.0,2.549418524729882,call,Black-Scholes,0.004258023608746275,1.3306099426314123e-06,3.8635082927115807e-10,-0.00059391715794338,0.002737740813366085
0.2375085557837098,230000.0,2.6653011849448767,call,Black-Scholes,0.001310301345758158,4.260717406640032e-07,1.292685801660328e-10,-0.00019746070236762933,0.0009160177570268629
0.2375085557837098,240000.0,2.781183845159871,call,Black-Scholes,0.00040503258520570296,1.3664176817463598e-07,4.316701218425211e-11,-6.552197989417863e-05,0.00030588866621978836
0.2375085557837098,250000.0,2.8970665053748657,call,Black-Scholes,0.00012592851323948735,4.396108669650448e-08,1.4416909243669057e-11,-2.1745186649591713e-05,0.00010216075347234052
0.2375085557837098,20000.0,0.23176532042998926,put,Black-Scholes,3.6540191856104144e-11,-1.657801105357025e-14,7.588674211900387e-18,-1.0634317406583024e-11,5.3775855571900306e-11
0.2375085557837098,30000.0,0.34764798064498387,put,Black-Scholes,5.38546522262655e-05,-1.806573441698079e-08,6.089934972586032e-12,-9.195818141997979e-06,4.3154331881188005e-05
0.2375085557837098,35000.0,0.4055893107524812,put,Black-Scholes,0.004060392580699568,-1.1832302999294544e-06,3.451785815912757e-10,-0.0005330666113572413,0.0024459859484106394
0.2375085557837098,40000.0,0.4635306408599785,put,Black-Scholes,0.10732981388732465,-2.725076263112134e-05,6.888732672739303e-09,-0.01081781324653086,0.04881447541871253
0.2375085557837098,45000.0,0.5214719709674759,put,Black-Scholes,1.3514971728649279,-0.00029933951032253675,6.55104545506477e-08,-0.10417922284619507,0.4642153261722015
0.2375085557837098,50000.0,0.5794133010749731,put,Black-Scholes,9.886875206384275,-0.0019102641685029287,3.609168468717434e-07,-0.5794524093098232,2.5575010821142996
0.2375085557837098,52000.0,0.6025898331179721,put,Black-Scholes,19.431076228967868,-0.0035539674879672975,6.323894410193328e-07,-1.0184814885396918,4.4811887100024705
0.2375085557837098,54000.0,0.6257663651609711,put,Black-Scholes,36.02804330035701,-0.006236730315105802,1.044299434144448e-06,-1.6865758964870565,7.400032733590933
0.2375085557837098,55000.0,0.6373546311824705,put,Black-Scholes,48.08711623907368,-0.008097647648549628,1.314849204087821e-06,-2.126242011721615,9.317180951279624
0.2375085557837098,56000.0,0.6489428972039699,put,Black-Scholes,63.389195961224004,-0.010383240605509783,1.6345256052579554e-06,-2.6463847804421903,11.582446551614112
0.2375085557837098,58000.0,0.6721194292469689,put,Black-Scholes,106.3756300065645,-0.01648352285484848,2.436956393396943e-06,-3.954300035454253,17.268567868688933
0.2375085557837098,60000.0,0.6952959612899677,put,Black-Scholes,171.03495788871896,-0.02506466096078205,3.4761689084628033e-06,-5.651636151755156,24.632553093260867
0.2375085557837098,62000.0,0.7184724933329667,put,Black-Scholes,264.53673156449395,-0.036652510271735904,4.762558936882439e-06,-7.756494732645933,33.74806834501669
0.2375085557837098,64000.0,0.7416490253759657,put,Black-Scholes,395.0005726740219,-0.051727770347358884,6.288799205681782e-06,-10.25778247611288,44.56319196178811
0.2375085557837098,65000.0,0.7532372913974651,put,Black-Scholes,476.8255895419052,-0.0607001161929621,7.134295777786319e-06,-11.644889354570296,50.554482997313244
0.2375085557837098,66000.0,0.7648255574189645,put,Black-Scholes,571.225763727145,-0.07068191402330821,8.028274767791678e-06,-13.11248349881862,56.889326627742776
0.2375085557837098,68000.0,0.7880020894619635,put,Black-Scholes,802.3441884463618,-0.09377855407145871,9.935788540453253e-06,-16.24670009050169,70.40619976819471
0.2375085557837098,70000.0,0.8111786215049624,put,Black-Scholes,1097.4278915005707,-0.12112494056773215,1.195043902987402e-05,-19.56032288413735,84.68225867554793
0.2375085557837098,72000.0,0.8343551535479613,put,Black-Scholes,1465.0869080161428,-0.15265668919268344,1.4000234656823654e-05,-22.934618945288094,99.20735942760075
0.2375085557837098,74000.0,0.8575316855909603,put,Black-Scholes,1913.0922473486462,-0.1881369174002753,1.600777570561949e-05,-26.241639152600328,113.43303974599621
0.2375085557837098,75000.0,0.8691199516124597,put,Black-Scholes,2169.343036165632,-0.20723942995641914,1.6971517143560675e-05,-27.829878925760568,120.26222670883726
0.2375085557837098,76000.0,0.8807082176339592,put,Black-Scholes,2448.0537885469457,-0.22716908701049962,1.7896255653893623e-05,-29.35419030029516,126.81503920830437
0.2375085557837098,78000.0,0.9038847496769581,put,Black-Scholes,3075.174733224794,-0.26922131602397853,1.959506848540417e-05,-32.15518203915781,138.85303269889846
0.2375085557837098,80000.0,0.927061281719957,put,Black-Scholes,3798.094755454833,-0.3136589068294688,2.104445345145925e-05,-34.54539265572021,149.12355243159254
0.2375085557837098,82000.0,0.950237813762956,put,Black-Scholes,4618.824567873176,-0.3597813951409033,2.219881338227731e-05,-36.44902925221686,157.3034865396039
0.2375085557837098,84000.0,0.9734143458059549,put,Black-Scholes,5537.766440231411,-0.40686050268694435,2.3028543157228454e-05,-37.81681488676986,163.18305400236568
0.2375085557837098,85000.0,0.9850026118274544,put,Black-Scholes,6033.77484773739,-0.43053247392678134,2.3316914764086896e-05,-38.291825083353615,165.22649218895822
0.2375085557837098,86000.0,0.9965908778489538,put,Black-Scholes,6553.808984699019,-0.4541758577463891,2.3520415257894224e-05,-38.6266585947742,166.6685193471494
0.486652977412731,90000.0,1.0107424812658345,call,Black-Scholes,9478.481757714806,0.5404303335450555,1.5947559921852893e-05,-27.843987483298406,246.53799099360185
0.486652977412731,92000.0,1.0332034252939644,call,Black-Scholes,8650.573524797233,0.5091271384661112,1.602575350939847e-05,-27.980028975522146,247.74680886403075
0.486652977412731,94000.0,1.055664369322094,call,Black-Scholes,7882.6973843214655,0.47844129894236004,1.600653714818926e-05,-27.945534145233978,247.44973792185192
0.486652977412731,95000.0,1.0668948413361588,call,Black-Scholes,7520.467677850982,0.4633778821008868,1.5962360091552714e-05,-27.867771679455473,246.76679193071323
0.486652977412731,96000.0,1.0781253133502235,call,Black-Scholes,7172.2607354675965,0.44852363871984974,1.5896319335564686e-05,-27.751739031406032,245.74584926886018
0.486652977412731,98000.0,1.1005862573783534,call,Black-Scholes,6516.5194954361505,0.4195029180190084,1.570251194842455e-05,-27.41164155097067,242.7497254053378
0.486652977412731,100000.0,1.123047201406483,call,Black-Scholes,5912.627337648337,0.39148608377163263,1.5433230348917403e-05,-26.939474189519387,238.58682193204004
0.486652977412731,102000.0,1.1455081454346125,call,Black-Scholes,5357.6801005037705,0.36455900289462245,1.5097018496616054e-05,-26.35022118749839,233.38922083439684
0.486652977412731,104000.0,1.1679690894627421,call,Black-Scholes,4848.755088438931,0.3387875737454281,1.470260393082721e-05,-25.65918923569552,227.29185424723255
0.486652977412731,105000.0,1.1791995614768072,call,Black-Scholes,4610.641008703213,0.3263506999352456,1.4486296578359566e-05,-25.280285169774288,223.94789083027717
0.486652977412731,106000.0,1.190430033490872,call,Black-Scholes,4382.945192975887,0.31421911823704707,1.4258689046720074e-05,-24.881636635585892,220.4292420501588
0.486652977412731,108000.0,1.2128909775190015,call,Black-Scholes,3957.387925700743,0.2908839668123523,1.377377164510406e-05,-24.032462526945892,212.93275724747218
0.486652977412731,110000.0,1.2353519215471311,call,Black-Scholes,3569.2895807712084,0.26879715955344946,1.325600218897662e-05,-23.125955132094532,204.92840986480587
0.486652977412731,112000.0,1.257812865575261,call,Black-Scholes,3215.9448357537804,0.24796019831207616,1.2713073866746827e-05,-22.17559597360014,196.535122646128
0.486652977412731,115000.0,1.2915042816174553,call,Black-Scholes,2745.4311842601564,0.2190229124787501,1.1866991029338831e-05,-20.694960782024282,183.45528206173185
0.486652977412731,120000.0,1.3476566416877795,call,Black-Scholes,2099.849149988224,0.1767634568202294,1.0423680967095958e-05,-18.1702060177995,161.1427262534562
0.486652977412731,125000.0,1.4038090017581037,call,Black-Scholes,1598.1817088396256,0.14145043282908687,9.006153648396562e-06,-15.691834223382102,139.22875845310045
0.486652977412731,130000.0,1.4599613618284277,call,Black-Scholes,1211.179343385249,0.11234483823012813,7.670456915790073e-06,-13.357789991363461,118.57983310374038
0.486652977412731,140000.0,1.5722660819690761,call,Black-Scholes,688.3491177329515,0.06953002160527617,5.367133211876339e-06,-9.336247955361614,82.97207842633725
0.486652977412731,150000.0,1.6845708021097243,call,Black-Scholes,387.0405803266167,0.04216042647143267,3.613460348214499e-06,-6.278068037086541,55.86154135712604
0.486652977412731,160000.0,1.7968755222503727,call,Black-Scholes,216.01341528482521,0.025170335135595683,2.3617929544355347e-06,-4.098112750908285,36.511649564442905
0.486652977412731,170000.0,1.909180242391021,call,Black-Scholes,119.98616208788394,0.0148538972802034,1.5089253494852565e-06,-2.6147124453771085,23.32692022912397
0.486652977412731,180000.0,2.021484962531669,call,Black-Scholes,66.47073604360605,0.008692332114928964,9.473369858241142e-07,-1.6392899440991187,14.645161855150945
0.486652977412731,190000.0,2.1337896826723175,call,Black-Scholes,36.789010744725886,0.005056886035718103,5.868918773793786e-07,-1.0141223921282858,9.072935660063308
0.486652977412731,200000.0,2.246094402812966,call,Black-Scholes,20.36976236399596,0.0029307027849133894,3.599630901237472e-07,-0.6210991988461387,5.564776957832862
0.486652977412731,35000.0,0.39306652049226903,put,Black-Scholes,1.6840226354307752,-0.00025007609050066226,3.7512158430519354e-08,-0.06447280832193059,0.5799118733909481
0.486652977412731,40000.0,0.4492188805625932,put,Black-Scholes,10.165938848487315,-0.0013370246641085056,1.7652408043829058e-07,-0.3046629461055659,2.728938205306264
0.486652977412731,45000.0,0.5053712406329173,put,Black-Scholes,42.06748712458847,-0.0049185202047998715,5.725662817672018e-07,-0.9913092137554713,8.851470193434352
0.486652977412731,50000.0,0.5615236007032415,put,Black-Scholes,131.8554909979007,-0.013743202945125373,1.4112289502733883e-06,-2.4491825000804965,21.816600602369363
0.486652977412731,52000.0,0.5839845447313711,put,Black-Scholes,195.75179718571462,-0.01949874740017232,1.9040256579614045e-06,-3.30704002008315,29.434888305706863
0.486652977412731,54000.0,0.6064454887595008,put,Black-Scholes,282.00994677328026,-0.026854043419341257,2.4932429952574035e-06,-4.333497932952923,38.54377045356614
0.486652977412731,55000.0,0.6176759607735656,put,Black-Scholes,335.0061733102111,-0.031193675732672555,2.8237947496425464e-06,-4.909626782822215,43.653865484930066
0.486652977412731,56000.0,0.6289064327876305,put,Black-Scholes,395.4046425598208,-0.03600420452895112,3.1776483918375485e-06,-5.526560127409084,49.1241925817576
0.486652977412731,58000.0,0.6513673768157601,put,Black-Scholes,540.9438278982279,-0.0471131843595341,3.95166115111768e-06,-6.87661245473555,61.089881351836084
0.486652977412731,60000.0,0.6738283208438898,put,Black-Scholes,723.7350124031536,-0.060305071489926886,4.8055374667131485e-06,-8.366733764125456,74.29020228601075
0.486652977412731,62000.0,0.6962892648720194,put,Black-Scholes,948.8469947051481,-0.07565778234667425,5.7258420126675295e-06,-9.973513194730913,88.51745912561455
0.486652977412731,64000.0,0.7187502089001491,put,Black-Scholes,1221.1750698546039,-0.09319942307024438,6.696145102518965e-06,-11.66826351925738,103.51765650029847
0.486652977412731,65000.0,0.7299806809142139,put,Black-Scholes,1376.4965734782745,-0.10278596900508016,7.194298621303045e-06,-12.538580487071158,111.21875963463026
0.486652977412731,66000.0,0.7412111529282788,put,Black-Scholes,1545.3166920779604,-0.11290733978695974,7.697865746306754e-06,-13.418497841612407,119.00355419156767
0.486652977412731,68000.0,0.7636720969564084,put,Black-Scholes,1925.4630546666322,-0.1347096660210879,8.711188849518074e-06,-15.18953253926884,134.6688063425063
0.486652977412731,70000.0,0.7861330409845381,put,Black-Scholes,2365.3103667246123,-0.15848901935523674,9.71597361388076e-06,-16.94608947877896,150.20207107882015
0.486652977412731,72000.0,0.8085939850126677,put,Black-Scholes,2867.992935421411,-0.18408790079166096,1.0692608483922134e-05,-18.653790770051273,165.3001558890537
0.486652977412731,74000.0,0.8310549290407974,put,Black-Scholes,3436.0386401445467,-0.21131530588441338,1.1622750329551666e-05,-20.280465181625914,179.67949237136054
0.486652977412731,75000.0,0.8422854010548622,put,Black-Scholes,3745.1907721189236,-0.22547265167478445,1.2065153124148458e-05,-21.054234674618783,186.51872756508965
0.486652977412731,76000.0,0.8535158730689271,put,Black-Scholes,4071.3461010260435,-0.2399540583998415,1.2489930199534375e-05,-21.79721289007648,193.08547637920128
0.486652977412731,78000.0,0.8759768170970567,put,Black-Scholes,4775.181844271487,-0.26976841423780745,1.3280002497648047e-05,-23.179201444731007,205.2994395577116
0.486652977412731,80000.0,0.8984377611251864,put,Black-Scholes,5548.195060119644,-0.3005115443170739,1.398144350049099e-05,-24.406188623808703,216.14321792676492
0.486652977412731,82000.0,0.920898705153316,put,Black-Scholes,6390.447119120345,-0.33193257970918033,1.4585495752738872e-05,-25.462786084459367,225.48144247175514
0.486652977412731,84000.0,0.9433596491814457,put,Black-Scholes,7301.452824384931,-0.3637829815971503,1.5086188118217878e-05,-26.338490969435952,233.22179238311946
0.486652977412731,85000.0,0.9545901211955105,put,Black-Scholes,7782.4493849046485,-0.37979354452276376,1.5296648219860757e-05,-26.706525260553462,236.47535308955412
0.486652977412731,86000.0,0.9658205932095754,put,Black-Scholes,8280.230387842319,-0.39582207579499223,1.5480238048129353e-05,-27.027521098898433,239.3135251750209
0.486652977412731,88000.0,0.988281537237705,put,Black-Scholes,9325.35728065121,-0.42782166178783465,1.5766868827218213e-05,-27.528493591424194,243.7446343301417
0.9849418206707734,96000.0,1.0085661224926348,call,Black-Scholes,14660.11434131681,0.5703871605852595,1.0376263307710928e-05,-20.68704401346622,370.9808645886369
0.9849418206707734,98000.0,1.0295779167112313,call,Black-Scholes,13854.627791325991,0.5499375468986567,1.0458065474710406e-05,-20.850061293567705,373.9055346006353
0.9849418206707734,100000.0,1.050589710929828,call,Black-Scholes,13088.602023846557,0.5297712537757175,1.051138977681378e-05,-20.95622647237178,375.8120286565827
0.9849418206707734,102000.0,1.0716015051484244,call,Black-Scholes,12360.66845338224,0.5099295857196005,1.0537488610465186e-05,-21.00804190557392,376.7451414041716
0.9849418206707734,104000.0,1.092613299367021,call,Black-Scholes,11669.43957887034,0.490449011935852,1.0537733146994355e-05,-21.008245270335465,376.7538740816235
0.9849418206707734,106000.0,1.1136250935856176,call,Black-Scholes,11013.518769116352,0.4713613474064844,1.0513582574820007e-05,-20.95975295039534,375.89042246399913
0.9849418206707734,108000.0,1.1346368878042141,call,Black-Scholes,10391.508955098234,0.452693965123479,1.0466560729949033e-05,-20.86560860749887,374.2092575537754
0.9849418206707734,110000.0,1.1556486820228107,call,Black-Scholes,9802.020282616653,0.4344700314724741,1.039823148170845e-05,-20.72893700907298,371.7663002618792
0.9849418206707734,112000.0,1.1766604762414072,call,Black-Scholes,9243.676785914795,0.4167087577763492,1.0310179499084084e-05,-20.552903056879586,368.61818905908876
0.9849418206707734,114000.0,1.1976722704600038,call,Black-Scholes,8715.122147473878,0.39942566194710444,1.0203990575367635e-05,-20.340675864565128,364.82163787186437
0.9849418206707734,116000.0,1.2186840646786004,call,Black-Scholes,8215.024611662055,0.3826328351184097,1.0081237935717206e-05,-20.09539765881709,360.4328801835436
0.9849418206707734,118000.0,1.239695858897197,call,Black-Scholes,7742.081120678722,0.3663392089185336,9.943467460565717e-06,-19.820157226491574,355.5071943825169
0.9849418206707734,120000.0,1.2607076531157935,call,Black-Scholes,7295.020740642216,0.3505508198142654,9.792187526714193e-06,-19.517967593797948,350.0985047285212
0.9849418206707734,125000.0,1.3132371386622848,call,Black-Scholes,6282.5887168840345,0.3133067574433384,9.364336738218695e-06,-18.66347436750948,334.8016190326234
0.9849418206707734,130000.0,1.3657666242087763,call,Black-Scholes,5406.035522906121,0.2792278720910642,8.882264612141723e-06,-17.70089900671519,317.5661711204157
0.9849418206707734,135000.0,1.4182961097552675,call,Black-Scholes,4648.662016975861,0.2482358845410827,8.364645708555496e-06,-16.667536132626992,299.0598216043509
0.9849418206707734,140000.0,1.470825595301759,call,Black-Scholes,3995.3779072287434,0.22020108938571295,7.827412445641677e-06,-15.595197828271921,279.85220189148095
0.9849418206707734,150000.0,1.5758845663947418,call,Black-Scholes,2948.5597643504625,0.17232241387584193,6.7443865791401855e-06,-13.433963378429326,241.1309683946456
0.9849418206707734,160000.0,1.6809435374877246,call,Black-Scholes,2175.0487696178916,0.1340738372691279,5.7096056818471084e-06,-11.369660715647115,204.13460946156192
0.9849418206707734,170000.0,1.7860025085807074,call,Black-Scholes,1605.012377325209,0.10386969210466207,4.766887587871477e-06,-9.489618982541288,170.4297602238512
0.9849418206707734,180000.0,1.89106147967369,call,Black-Scholes,1185.5200999932313,0.08022552627979823,3.936390057665551e-06,-7.833915899595013,140.73712066610824
0.9849418206707734,190000.0,1.9961204507666728,call,Black-Scholes,876.9472707770483,0.061837204710417516,3.222538088139854e-06,-6.411231240698726,115.21488531652722
0.9849418206707734,200000.0,2.101179421859656,call,Black-Scholes,649.8881325684251,0.04760507630052519,2.6201967434505348e-06,-5.211186699195878,93.67947617233767
0.9849418206707734,210000.0,2.2062383929526383,call,Black-Scholes,482.6516096479668,0.036627664852846874,2.119085732003594e-06,-4.213161547968866,75.76333183635597
0.9849418206707734,220000.0,2.3112973640456214,call,Black-Scholes,359.3012007636239,0.028180624654961867,1.7067219910033347e-06,-3.392168688043512,61.02015882786418
0.9849418206707734,50000.0,0.525294855464914,put,Black-Scholes,600.5269082180907,-0.03453804331085982,2.019458182121704e-06,-4.018826937733138,72.20135953953104
0.9849418206707734,60000.0,0.6303538265578967,put,Black-Scholes,1802.84035680753,-0.08701102259065159,4.184027181532359e-06,-8.33382753704609,149.59084381234788
0.9849418206707734,65000.0,0.6828833121043881,put,Black-Scholes,2779.619986805412,-0.12341362657428187,5.390632172968334e-06,-10.74035995518534,192.73040184207275
0.9849418206707734,70000.0,0.7354127976508795,put,Black-Scholes,4044.4829667612994,-0.1655967539544701,6.574090918612156e-06,-13.10124372554128,235.04240940374075
0.9849418206707734,72000.0,0.7564245918694761,put,Black-Scholes,4634.793118153317,-0.18383019051144137,7.024967993477655e-06,-14.000798193865194,251.16254754611873
0.9849418206707734,74000.0,0.7774363860880726,put,Black-Scholes,5274.193040780672,-0.2027164480791619,7.457142942699953e-06,-14.863078081856656,266.6140316712699
0.9849418206707734,76000.0,0.7984481803066692,put,Black-Scholes,5962.925485860669,-0.2221690019780397,7.867355138685225e-06,-15.681564234175312,281.2802796748656
0.9849418206707734,78000.0,0.8194599745252658,put,Black-Scholes,6701.002437379975,-0.24210060252423835,8.252828027752198e-06,-16.450704956685513,295.0620309627993
0.9849418206707734,80000.0,0.8404717687438623,put,Black-Scholes,7488.222640837113,-0.2624245199282449,8.611270796514066e-06,-17.16591833041457,307.8773824210657
0.9849418206707734,82000.0,0.8614835629624589,put,Black-Scholes,8324.190148038877,-0.28305562437088927,8.940868614509605e-06,-17.82357224302541,319.6614267402765
0.9849418206707734,84000.0,0.8824953571810554,put,Black-Scholes,9208.333370988821,-0.30391130206029987,9.240261392852773e-06,-18.42094646448095,330.3655704665289
0.9849418206707734,86000.0,0.903507151399652,put,Black-Scholes,10139.924217602515,-0.3249122126649628,9.508520615500793e-06,-18.956180814835534,339.9566041178332
0.9849418206707734,88000.0,0.9245189456182484,put,Black-Scholes,11118.096957468391,-0.3459828968512393,9.745116774537384e-06,-19.428213103332382,348.4155900845508
0.9849418206707734,90000.0,0.945530739836845,put,Black-Scholes,12141.866535489404,-0.3670522450346253,9.949884596998004e-06,-19.836710096911702,355.73662649949256
0.9849418206707734,92000.0,0.9665425340554415,put,Black-Scholes,13210.146114026065,-0.38805383987315223,1.0122987227696775e-05,-20.181994335456693,361.9255373621854
0.9849418206707734,94000.0,0.9875543282740381,put,Black-Scholes,14321.763679680007,-0.4089261858459956,1.0264878243749216e-05,-20.464969174034195,366.9985313899815
0.026694045174537988,84000.0,1.001058392241513,call,Heston,1785.1554427184383,0.5329217002000899,0.00010266781496217892,-88.54311131290888,53.61262545338832
0.026694045174537988,85000.0,1.012975754053912,call,Heston,1325.8343944747976,0.4286572935389439,0.00010489929279689212,-85.60604454158602,52.40743963513523
0.026694045174537988,86000.0,1.024893115866311,call,Heston,967.6154349572935,0.33037236174905676,9.35025459913677e-05,-79.31693805131363,47.45582700288651
0.026694045174537988,87000.0,1.03681047767871,call,Heston,697.9693968801112,0.24814343708781933,7.575029072791376e-05,-70.81081098333016,40.513508301228285
0.026694045174537988,88000.0,1.0487278394911088,call,Heston,499.01978276724185,0.18348658148401698,5.968592411168162e-05,-61.337676663319144,33.37026016306481
0.026694045174537988,89000.0,1.060645201303508,call,Heston,354.6476838792496,0.13315651827658417,4.679162558878545e-05,-51.76936755359384,26.75881274153653
0.026694045174537988,90000.0,1.0725625631159068,call,Heston,251.9636439771739,0.09492892013053035,3.475861008757066e-05,-42.64991578526224,20.77420869427442
0.026694045174537988,92000.0,1.0963972867407048,call,Heston,127.70435602095631,0.04993840198205735,1.6394491535612837e-05,-27.398834406738843,11.818956209344833
0.026694045174537988,94000.0,1.1202320103655026,call,Heston,62.73493496945275,0.025633813309792277,1.1293771476573846e-05,-16.876286914497996,7.006806525737375
0.026694045174537988,95000.0,1.1321493721779017,call,Heston,44.584025416362465,0.017036771915554954,7.77367951065293e-06,-12.962621913210114,5.098975260443694
0.026694045174537988,100000.0,1.1917361812398963,call,Heston,7.4621010475087814,0.0023121935632178163,2.4360994057202932e-06,-3.2372752857619957,1.1961669558985477
0.026694045174537988,65000.0,0.7746285178059327,put,Heston,1.943792914848018,-0.0004857891311856753,1.7023141825771062e-06,-1.3473973611398833,0.5633022101392271
0.026694045174537988,68000.0,0.8103806032431295,put,Heston,9.15992980657029,-0.0019023025643750994,1.4055578028296274e-06,-3.726877909139148,1.1922635458176956
0.026694045174537988,70000.0,0.8342153268679275,put,Heston,20.985099083249224,-0.007142504118907968,9.647425623737205e-07,-6.971935094348737,1.995339594577672
0.026694045174537988,72000.0,0.8580500504927254,put,Heston,42.514579061738914,-0.012219660205134555,5.168611643561144e-06,-12.759015555100632,4.321965591225307
0.026694045174537988,73000.0,0.8699674123051244,put,Heston,61.29543589380046,-0.019240934979578697,6.369521347977772e-06,-16.721941312003764,5.686152896669228
0.026694045174537988,74000.0,0.8818847741175234,put,Heston,88.31304712983547,-0.02627189320968939,6.2144582679623276e-06,-21.559265322910505,7.322061510785716
0.026694045174537988,75000.0,0.8938021359299223,put,Heston,123.75766388172633,-0.034828044979496826,9.755287433415703e-06,-27.55409757050802,9.9412296563969
0.026694045174537988,76000.0,0.9057194977423213,put,Heston,171.66401879457408,-0.049022374178370076,1.5766870016990327e-05,-34.61293185924296,13.317028744495474
0.026694045174537988,77000.0,0.9176368595547203,put,Heston,238.54092082756688,-0.06884137145123896,2.0010587826378038e-05,-42.478793958653114,16.98649927857332
0.026694045174537988,78000.0,0.9295542213671192,put,Heston,329.1606341083534,-0.09260891786362985,2.4392452660747308e-05,-51.070058245401015,21.3501419275417
0.026694045174537988,79000.0,0.9414715831795182,put,Heston,448.4736395261134,-0.12305368238070209,3.350713126007958e-05,-60.206921052216785,26.93438045680523
0.026694045174537988,80000.0,0.9533889449919172,put,Heston,605.9059705808759,-0.1650568663017713,4.636265871701696e-05,-69.25889358014683,33.3372053813946
0.026694045174537988,81000.0,0.9653063068043161,put,Heston,814.2648062341614,-0.22014829667104785,5.9265910529633885e-05,-77.36334978292871,39.76168752051308
0.026694045174537988,82000.0,0.9772236686167151,put,Heston,1086.2304820678255,-0.28797379840643267,7.289783117805962e-05,-83.77223704865901,45.81652993801981
0.026694045174537988,83000.0,0.989141030429114,put,Heston,1434.7283788539935,-0.3701714968926237,8.902135715000173e-05,-87.76749720393855,50.92768278773292
0.08418891170431211,85000.0,1.0059171597633136,call,Heston,2861.9504678745143,0.5247771498617494,7.109085608895646e-05,-47.800256808885024,80.74233493352949
0.08418891170431211,86000.0,1.017751479289941,call,Heston,2409.0898113544245,0.45381746654995964,7.160620054245809e-05,-47.02211977054685,79.28449868086318
0.08418891170431211,87000.0,1.029585798816568,call,Heston,2024.958418184262,0.3857100966368673,6.710516089534501e-05,-45.439767746483994,75.66734431384248
0.08418891170431211,88000.0,1.0414201183431953,call,Heston,1703.9158464641696,0.32440739486365816,5.953781214576565e-05,-43.27646001559697,70.54288314557198
0.08418891170431211,89000.0,1.0532544378698225,call,Heston,1437.7453716976052,0.27154729568135827,5.1172451466731625e-05,-40.78174250344455,64.64513787177566
0.08418891170431211,90000.0,1.0650887573964498,call,Heston,1217.763512342488,0.2270560692422751,4.315027239370199e-05,-38.14139363977665,58.51389608615136
0.08418891170431211,91000.0,1.0769230769230769,call,Heston,1035.89196009644,0.1902699108683203,3.575303222646775e-05,-35.47867068265441,52.49510066132643
0.08418891170431211,92000.0,1.0887573964497042,call,Heston,884.9393847404244,0.16031687894766578,2.930170937280465e-05,-32.88747345478805,46.84126741531145
0.08418891170431211,93000.0,1.1005917159763314,call,Heston,758.8234058786966,0.13597751112414827,2.422250355209409e-05,-30.43307575784638,41.71632316802061
0.08418891170431211,94000.0,1.1124260355029585,call,Heston,652.8120914251213,0.11586125755828364,2.046821432984347e-05,-28.134697295454316,37.14514934035833
0.08418891170431211,95000.0,1.1242603550295858,call,Heston,563.3995334646279,0.0989403555489004,1.7436159993066654e-05,-25.976312405064164,33.04708761202164
0.08418891170431211,96000.0,1.136094674556213,call,Heston,487.80261589037764,0.08476653167940773,1.4621400827383501e-05,-23.9442771639242,29.35030796038518
0.08418891170431211,98000.0,1.1597633136094674,call,Heston,368.554055100336,0.06346449229223527,1.0249959510136205e-05,-20.29901073831479,23.174441332230344
0.08418891170431211,100000.0,1.183431952662722,call,Heston,280.4904167181594,0.047937652416267525,8.077487247892874e-06,-17.196798362284426,18.440325849019246
0.08418891170431211,102000.0,1.2071005917159763,call,Heston,215.40366498334015,0.036362600179088,5.705445283867817e-06,-14.494220348119143,14.598944234217015
0.08418891170431211,104000.0,1.2307692307692308,call,Heston,166.30216479442288,0.028339813038225314,4.38209132474496e-06,-12.217457495600684,11.660802726237307
0.08418891170431211,105000.0,1.242603550295858,call,Heston,146.28777216559638,0.024887031373501595,4.151919417419885e-06,-11.219832596444576,10.464227820500582
0.08418891170431211,106000.0,1.2544378698224852,call,Heston,128.95110895323046,0.02171311202118886,3.719802699567699e-06,-10.287334123840083,9.361116273066727
0.08418891170431211,110000.0,1.301775147928994,call,Heston,78.92384347823736,0.013564543055777773,2.1440556239599903e-06,-7.250217545346686,6.032880734210266
0.08418891170431211,115000.0,1.3609467455621302,call,Heston,43.78948654403314,0.0075948986965446745,9.299094760015572e-07,-4.658872792320494,3.5083639886181572
0.08418891170431211,40000.0,0.47337278106508873,put,Heston,0.0,0.0,0.0,0.0,0.0
0.08418891170431211,45000.0,0.5325443786982249,put,Heston,2.0958968369013746,-0.0002312028194886505,-2.7854529096838893e-09,-0.48093512012565043,0.24832425369822886
0.08418891170431211,48000.0,0.5680473372781065,put,Heston,5.059232805426291,-0.0006675828992562732,2.9000747809452326e-07,-0.8890978489434929,0.5108757151901955
0.08418891170431211,50000.0,0.591715976331361,put,Heston,8.524083669653919,-0.0009426234464626758,1.0497820224847858e-07,-1.2793224139604717,0.7307437579584075
0.08418891170431211,52000.0,0.6153846153846154,put,Heston,13.53397021026467,-0.0016785678939381338,-1.1847575196535835e-08,-1.8106125401463942,1.0514023877476575
0.08418891170431211,54000.0,0.6390532544378699,put,Heston,20.519715164336958,-0.0026255743079522578,3.8558993549070983e-07,-2.5437295813972014,1.5828594623599201
0.08418891170431211,55000.0,0.650887573964497,put,Heston,25.3213537308402,-0.002962404267656473,1.6351490020037178e-07,-2.9743504171201494,1.8685460618144134
0.08418891170431211,56000.0,0.6627218934911243,put,Heston,30.68340475056175,-0.003550434198775383,6.419477973483275e-07,-3.4940894424071303,2.2958342473430093
0.08418891170431211,57000.0,0.6745562130177515,put,Heston,37.37216408026143,-0.004575461624176434,5.881639471964517e-07,-4.050543481236673,2.698087860335363
0.08418891170431211,58000.0,0.6863905325443787,put,Heston,45.339924296371464,-0.005255057124287363,4.601975809199056e-07,-4.681335100911383,3.17920491543191
0.08418891170431211,59000.0,0.6982248520710059,put,Heston,54.427067252363486,-0.006285133562274635,9.932040578721992e-07,-5.41514334333624,3.8199810733203776
0.08418891170431211,60000.0,0.7100591715976331,put,Heston,65.44032486972719,-0.00781748382835828,1.0319705108534568e-06,-6.20349733952753,4.468712345624226
0.08418891170431211,61000.0,0.7218934911242604,put,Heston,78.47335584260873,-0.009116700398542824,9.292743725490929e-07,-7.078274426254211,5.216254213519278
0.08418891170431211,62000.0,0.7337278106508875,put,Heston,93.42081547517591,-0.010751044500299546,1.5144868707579432e-06,-8.073566334038333,6.164882774100988
0.08418891170431211,63000.0,0.7455621301775148,put,Heston,111.11838113811245,-0.01307999477685586,1.8035031617131764e-06,-9.144570248230593,7.181037512418698
0.08418891170431211,64000.0,0.757396449704142,put,Heston,131.9946407120733,-0.015404095763709814,1.7334777824790663e-06,-10.302570107029169,8.301507208307157
0.08418891170431211,65000.0,0.7692307692307693,put,Heston,156.0031490996771,-0.01797531132516382,2.311184995772718e-06,-11.592390308294853,9.669731755639077
0.08418891170431211,66000.0,0.7810650887573964,put,Heston,183.9269808078534,-0.021451225412317917,2.9946144894983684e-06,-12.982579263974912,11.203753104928182
0.08418891170431211,67000.0,0.7928994082840237,put,Heston,216.6687807511189,-0.025380384540336875,3.1479748929764826e-06,-14.452528786016046,12.856574523902964
0.08418891170431211,68000.0,0.8047337278106509,put,Heston,254.46853933186503,-0.02954651343897288,3.6431508739614363e-06,-16.04484550569032,14.777096769830678
0.08418891170431211,69000.0,0.8165680473372781,put,Heston,297.9740564108506,-0.034690183590299906,4.723335959557006e-06,-17.75894047053589,16.990533661009977
0.08418891170431211,70000.0,0.8284023668639053,put,Heston,348.5090779854072,-0.04095927660440276,5.498319168544683e-06,-19.55073450677446,19.394511916470947
0.08418891170431211,71000.0,0.8402366863905325,put,Heston,407.0262511741166,-0.04787715950711442,6.1053840466904606e-06,-21.43009643741243,22.05285308227758
0.08418891170431211,72000.0,0.8520710059171598,put,Heston,474.2788846279582,-0.05578287904782457,7.414618856065713e-06,-23.426827319170116,25.095256963686552
0.08418891170431211,73000.0,0.863905325443787,put,Heston,551.7865223439003,-0.06543749375764786,9.1478467782728e-06,-25.511949891239055,28.478277375688776
0.08418891170431211,74000.0,0.8757396449704142,put,Heston,641.5062604258565,-0.07683092431105347,1.0640281543917193e-05,-27.64902225404512,32.13684760048636
0.08418891170431211,75000.0,0.8875739644970414,put,Heston,745.1201602344227,-0.08982218658264322,1.2402155151481986e-05,-29.854695097586955,36.16696837489144
0.08418891170431211,76000.0,0.8994082840236687,put,Heston,864.5798301456816,-0.10515139665617881,1.5166828898351494e-05,-32.14088725639158,40.651588721812004
0.08418891170431211,77000.0,0.9112426035502958,put,Heston,1002.8425209627894,-0.12376906237714459,1.860140493615508e-05,-34.46547562253545,45.508647342649056
0.08418891170431211,78000.0,0.9230769230769231,put,Heston,1163.5090953721083,-0.1460244352157784,2.229633721157155e-05,-36.78610487970582,50.649812007759465
0.08418891170431211,79000.0,0.9349112426035503,put,Heston,1350.4118842841854,-0.17236510524956766,2.6888238108417197e-05,-39.096836456112214,56.09026124730008
0.08418891170431211,80000.0,0.9467455621301775,put,Heston,1568.2166843323794,-0.2041009658470215,3.312402965216541e-05,-41.369985299243126,61.77248737294576
0.08418891170431211,81000.0,0.9585798816568047,put,Heston,1823.0776683989825,-0.24277365714457633,4.074182587339135e-05,-43.507996697269846,67.41789326697472
0.08418891170431211,82000.0,0.9704142011834319,put,Heston,2122.3055415873387,-0.289277085066069,4.905687104205622e-05,-45.37544863014773,72.62048451812007
0.08418891170431211,83000.0,0.9822485207100592,put,Heston,2473.6237752499583,-0.3439241431439267,5.7680708045478175e-05,-46.83001324010547,76.94107904098928
0.08418891170431211,84000.0,0.9940828402366864,put,Heston,2884.6528700365598,-0.4064838921158028,6.573355787449562e-05,-47.701071722927736,79.84604843804846
0.2375085557837098,88000.0,1.0197674098919527,call,Heston,4549.776873238421,0.5021920099754713,4.354379205792882e-05,-33.67498269107455,91.02634992632375
0.2375085557837098,90000.0,1.0429439419349518,call,Heston,3750.3607536901254,0.4187036392858026,4.188107343172514e-05,-32.61603134219695,87.85123240486428
0.2375085557837098,92000.0,1.0661204739779506,call,Heston,3104.0988999879955,0.34349746320365,3.703732852304769e-05,-30.746088917738234,82.18129061842774
0.2375085557837098,94000.0,1.0892970060209495,call,Heston,2588.004275571646,0.28032259001788684,3.0967211243810384e-05,-28.44868547783335,75.20587456801877
0.2375085557837098,95000.0,1.100885272042449,call,Heston,2370.729468574056,0.25342113471870603,2.7969308985705595e-05,-27.245128891339846,71.55655428668979
0.2375085557837098,96000.0,1.1124735380639486,call,Heston,2176.554975412888,0.22943441601168107,2.5152434978945044e-05,-26.0454111036197,67.92540159694909
0.2375085557837098,98000.0,1.1356500701069474,call,Heston,1846.7888953344373,0.1891867090076356,2.0236568833432015e-05,-23.731032472100196,60.94693409932006
0.2375085557837098,100000.0,1.1588266021499463,call,Heston,1580.1474138500143,0.15746412979074428,1.6298531615199967e-05,-21.595530608698027,54.55052248471475
0.2375085557837098,102000.0,1.1820031341929453,call,Heston,1362.348663066883,0.13234105733371318,1.322494463682244e-05,-19.667870154875345,48.82470063157598
0.2375085557837098,104000.0,1.2051796662359442,call,Heston,1182.6337324557862,0.1122592550864407,1.083404882067571e-05,-17.94466517671026,43.756318929263216
0.2375085557837098,105000.0,1.2167679322574436,call,Heston,1104.447371615498,0.10373042135409145,9.840814552234876e-06,-17.15479722476084,41.45229387377185
0.2375085557837098,106000.0,1.228356198278943,call,Heston,1032.916621515149,0.09604710417017595,8.96237641122003e-06,-16.4095893871945,39.291274494007666
0.2375085557837098,108000.0,1.2515327303219421,call,Heston,907.0804440630245,0.08281665358454286,7.4956976170463185e-06,-15.042671045670431,35.36389063037859
0.2375085557837098,110000.0,1.274709262364941,call,Heston,800.4727392291752,0.07190461160424297,6.325492613303195e-06,-13.822728133398414,31.904895250772825
0.2375085557837098,115000.0,1.3326505924724383,call,Heston,596.3994378732023,0.051843125308179826,4.29615344754828e-06,-11.299239368941471,24.923014172236435
0.2375085557837098,120000.0,1.3905919225799355,call,Heston,454.05407293590133,0.03852660565796146,3.0464062815353485e-06,-9.350143889491846,19.735879904214926
0.2375085557837098,125000.0,1.4485332526874328,call,Heston,351.7523031744104,0.029316859185325887,2.2322057222976853e-06,-7.815567029744216,15.815871274980964
0.2375085557837098,130000.0,1.5064745827949302,call,Heston,276.4460099416365,0.022736405133723075,1.6813017298064778e-06,-6.587667189965714,12.807636763727714
0.2375085557837098,135000.0,1.5644159129024275,call,Heston,219.90911267711317,0.017914860818930182,1.298437447063543e-06,-5.592073921622159,10.46806084112859
0.2375085557837098,140000.0,1.622357243009925,call,Heston,176.75945430636898,0.014308630711448167,1.0175357658571387e-06,-4.775541739389382,8.625756251649364
0.2375085557837098,150000.0,1.7382399032249194,call,Heston,117.16815681666992,0.009428400596949653,6.533495811260478e-07,-3.536297508319535,5.983203278611882
0.2375085557837098,160000.0,1.854122563439914,call,Heston,79.80068171499425,0.006442706298330675,4.3411664802617204e-07,-2.6636742264652753,4.252517644314935
0.2375085557837098,170000.0,1.9700052236549088,call,Heston,55.43961077322206,0.004537042423280196,2.988087509592149e-07,-2.0357382750290753,3.086295663126748
0.2375085557837098,180000.0,2.0858878838699035,call,Heston,39.02232751265356,0.003277676957203858,2.1216345629291657e-07,-1.5757445539159392,2.2809562045551957
0.2375085557837098,190000.0,2.201770544084898,call,Heston,27.62685581403798,0.002421845636301307,1.5388423558328953e-07,-1.2335937136527662,1.7128031426707935
0.2375085557837098,200000.0,2.3176532042998925,call,Heston,19.497879079988508,0.0018265981612279095,1.1295419380382219e-07,-0.9756722134329721,1.3043854281036715
0.2375085557837098,210000.0,2.4335358645148872,call,Heston,13.545569430019114,0.001403952187013145,8.339843559580405e-08,-0.7789099357110132,1.0058734341441777
0.2375085557837098,220000.0,2.549418524729882,call,Heston,9.073786088676442,0.001098127911627166,6.253880406381714e-08,-0.6272061876809687,0.7845336662342106
0.2375085557837098,230000.0,2.6653011849448767,call,Heston,5.6268223148997265,0.000873930042964778,4.960961813423672e-08,-0.509171223171613,0.6184952046098147
0.2375085557837098,240000.0,2.781183845159871,call,Heston,2.901233415206896,0.0007098012104683693,4.2259526590314556e-08,-0.4165310040476058,0.49256513363111765
0.2375085557837098,250000.0,2.8970665053748657,call,Heston,0.6930228991584784,0.0005897762700182068,3.3933100630334645e-08,-0.3429952037973649,0.395387136154568
0.2375085557837098,20000.0,0.23176532042998926,put,Heston,0.0,0.0,0.0,0.0,0.0
0.2375085557837098,30000.0,0.34764798064498387,put,Heston,12.411557153536705,-0.0007339987754887997,3.858930812261124e-08,-0.6039198594226036,0.7591337765916251
0.2375085557837098,35000.0,0.4055893107524812,put,Heston,29.93357851869223,-0.0015445469701142235,8.79697050897933e-08,-1.148271466467122,1.57967270242807
0.2375085557837098,40000.0,0.4635306408599785,put,Heston,61.12287246397318,-0.003028421708484994,1.8117085516854934e-07,-1.978062732712715,2.969897554430645
0.2375085557837098,45000.0,0.5214719709674759,put,Heston,113.50032325022767,-0.005586842600030439,3.4191443309563437e-07,-3.1614259507041425,5.168874879745999
0.2375085557837098,50000.0,0.5794133010749731,put,Heston,197.56982494350814,-0.009809242504823774,6.17953422821605e-07,-4.76838896501431,8.471533044212265
0.2375085557837098,52000.0,0.6025898331179721,put,Heston,243.19585754648142,-0.012153290159833326,7.771302639738587e-07,-5.54652103810804,10.17956988653168
0.2375085557837098,54000.0,0.6257663651609711,put,Heston,297.3849019239933,-0.014986019404544491,9.710739077230017e-07,-6.409776644068188,12.146365210719523
0.2375085557837098,55000.0,0.6373546311824705,put,Heston,328.11341487015306,-0.01661561015232332,1.0892846126401064e-06,-6.875425417812949,13.236316720212926
0.2375085557837098,56000.0,0.6489428972039699,put,Heston,361.523360917854,-0.0184058302061959,1.2154370657202956e-06,-7.364446839215816,14.401132362763747
0.2375085557837098,58000.0,0.6721194292469689,put,Heston,437.23651698383765,-0.022528031932429523,1.521900256486724e-06,-8.417285160554457,16.974731469599647
0.2375085557837098,60000.0,0.6952959612899677,put,Heston,526.4424889331058,-0.027506774560459645,1.8996204140455891e-06,-9.575440892658662,19.899234148761025
0.2375085557837098,62000.0,0.7184724933329667,put,Heston,631.4108679508136,-0.033535548694239116,2.3800339872070553e-06,-10.847783121935208,23.211633889877703
0.2375085557837098,64000.0,0.7416490253759657,put,Heston,754.8706770633653,-0.04085000765460202,2.989962708356263e-06,-12.24370759386511,26.949958451950806
0.2375085557837098,65000.0,0.7532372913974651,put,Heston,824.5412461984379,-0.04508912130977903,3.3544359037412533e-06,-12.991054698009975,28.990847486056737
0.2375085557837098,66000.0,0.7648255574189645,put,Heston,900.1280656685194,-0.04977257243463844,3.7653450861957307e-06,-13.773092373659892,31.152923232366447
0.2375085557837098,68000.0,0.7880020894619635,put,Heston,1071.2213504637766,-0.06070927883176675,4.773983254613545e-06,-15.447103347352822,35.862031914439285
0.2375085557837098,70000.0,0.8111786215049624,put,Heston,1273.1630533135758,-0.07420233027764843,6.080222951276422e-06,-17.274926092955866,41.111437057406874
0.2375085557837098,72000.0,0.8343551535479613,put,Heston,1512.2087454423017,-0.09097565167311884,7.80548222138027e-06,-19.264099839318078,46.92854095992516
0.2375085557837098,74000.0,0.8575316855909603,put,Heston,1796.2775683258951,-0.11198290709239116,1.0084502967950736e-05,-21.414127701922553,53.314091600623215
0.2375085557837098,75000.0,0.8691199516124597,put,Heston,1958.2391794330906,-0.1244603306780253,1.1495759853257425e-05,-22.546022441150853,56.70949503983138
0.2375085557837098,76000.0,0.8807082176339592,put,Heston,2135.4352136767848,-0.13850369471472193,1.3118348278148131e-05,-23.71076058546896,60.22404607065255
0.2375085557837098,78000.0,0.9038847496769581,put,Heston,2542.5248311442556,-0.17217026231396654,1.712055807226023e-05,-26.1112016106199,67.52338808873901
0.2375085557837098,80000.0,0.927061281719957,put,Heston,3033.75216629394,-0.21497713089860415,2.2287275483374385e-05,-28.523770692321705,74.92273046227638
0.2375085557837098,82000.0,0.950237813762956,put,Heston,3628.9608149134438,-0.2689617845804777,2.856925250793345e-05,-30.777813316628453,81.88513365312247
0.2375085557837098,84000.0,0.9734143458059549,put,Heston,4350.728816176532,-0.33540623841390016,3.5341417354485104e-05,-32.603683493551216,87.56511410974781
0.2375085557837098,85000.0,0.9850026118274544,put,Heston,4766.149149285629,-0.37311520424561095,3.844780331016204e-05,-33.249457592188264,89.59086931863567
0.2375085557837098,86000.0,0.9965908778489538,put,Heston,5221.142149114341,-0.41327225445964927,4.101870218366424e-05,-33.66120188961213,90.89912281342549
0.486652977412731,90000.0,1.0107424812658345,call,Heston,7860.2854877901045,0.5636103977677364,2.64418826091502e-05,-27.689174835984886,84.2686101932486
0.486652977412731,92000.0,1.0332034252939644,call,Heston,6971.305319740612,0.5110589600117229,2.7106402336716593e-05,-27.6534071670103,84.16109704667178
0.486652977412731,94000.0,1.055664369322094,call,Heston,6183.6134721442795,0.45927440332872793,2.68219569869519e-05,-27.234804780026025,82.85671733392519
0.486652977412731,95000.0,1.0668948413361588,call,Heston,5826.226553325709,0.43420633393689884,2.6351856594266485e-05,-26.89755936817528,81.80436661241401
0.486652977412731,96000.0,1.0781253133502235,call,Heston,5491.979984234105,0.4099276449768132,2.5696477448937224e-05,-26.487090668902965,80.52289885454229
0.486652977412731,98000.0,1.1005862573783534,call,Heston,4888.653757406279,0.3642644150454683,2.395971938038113e-05,-25.488402223068988,77.40348900952085
0.486652977412731,100000.0,1.123047201406483,call,Heston,4364.414144393879,0.3229968412475126,2.1877057449832886e-05,-24.32317698499901,73.76233613395016
0.486652977412731,102000.0,1.1455081454346125,call,Heston,3909.5876095432686,0.28634938117950043,1.9679465612700304e-05,-23.067792966743582,69.83843795478606
0.486652977412731,104000.0,1.1679690894627421,call,Heston,3514.819425820435,0.25418920079039475,1.7531662287914677e-05,-21.78310160298861,65.82249222246901
0.486652977412731,105000.0,1.1791995614768072,call,Heston,3337.242255381785,0.23968835815005152,1.6509344374226937e-05,-21.14409124519443,63.82495886336983
0.486652977412731,106000.0,1.190430033490872,call,Heston,3171.5434572000195,0.22616934243308795,1.553183257944814e-05,-20.5129552969629,61.85214226043172
0.486652977412731,108000.0,1.2128909775190015,call,Heston,2872.195744257275,0.20184417371076344,1.372653987400245e-05,-19.286229893785276,58.01817921874317
0.486652977412731,110000.0,1.2353519215471311,call,Heston,2610.2532332514565,0.18074651609015135,1.2128268052317896e-05,-18.120136567900772,54.374829576681805
0.486652977412731,112000.0,1.257812865575261,call,Heston,2380.1725700398674,0.1624317723911553,1.0729824675154615e-05,-17.023513575986726,50.950025068777904
0.486652977412731,115000.0,1.2915042816174553,call,Heston,2084.78312954984,0.13931444629430692,8.96852904846338e-06,-15.514767503847906,46.24152070091441
0.486652977412731,120000.0,1.3476566416877795,call,Heston,1695.6252485574914,0.10973636186236888,6.7572975491090665e-06,-13.3492442671959,39.493526906198895
0.486652977412731,125000.0,1.4038090017581037,call,Heston,1400.6677145073227,0.08814379461825422,5.201630747806812e-06,-11.566505630124993,33.95200083073178
0.486652977412731,130000.0,1.4599613618284277,call,Heston,1172.4377440512535,0.0720152712862483,4.0874615406800905e-06,-10.0966255997173,29.39686114932556
0.486652977412731,140000.0,1.5722660819690761,call,Heston,848.6946305104398,0.05013864125731662,2.663189685631974e-06,-7.857610505521279,22.49548993981989
0.486652977412731,150000.0,1.6845708021097243,call,Heston,635.9879108004466,0.03649464518291266,1.8387302730880614e-06,-6.2673186603460636,17.63679725881957
0.486652977412731,160000.0,1.7968755222503727,call,Heston,489.63520587922585,0.027490071853185305,1.3275480906089607e-06,-5.1016654545042,14.1116766594223
0.486652977412731,170000.0,1.909180242391021,call,Heston,385.19631494273017,0.021278298975477398,9.926540887821434e-07,-4.22334953593213,11.485275408847428
0.486652977412731,180000.0,2.021484962531669,call,Heston,308.42663584083994,0.016838947138885698,7.633334407117378e-07,-3.545820392418136,9.483506410310838
0.486652977412731,190000.0,2.1337896826723175,call,Heston,250.58805987693495,0.013573598621051716,6.00554522914303e-07,-3.0126721893998365,7.927948798067064
0.486652977412731,200000.0,2.246094402812966,call,Heston,206.0912348732511,0.011113704348050589,4.81532429457943e-07,-2.5859608903595017,6.698844749223554
0.486652977412731,35000.0,0.39306652049226903,put,Heston,169.12360595713108,-0.004931095360118901,2.0421793185542106e-07,-1.9025351203599712,4.861397933927947
0.486652977412731,40000.0,0.4492188805625932,put,Heston,274.1863421635426,-0.008150987648723672,3.5200379304550893e-07,-2.7993212720830343,7.40837936536991
0.486652977412731,45000.0,0.5053712406329173,put,Heston,423.1120565928504,-0.0129487342282769,5.848206118456232e-07,-3.9535808943910524,10.777528306425666
0.486652977412731,50000.0,0.5615236007032415,put,Heston,629.6413930244235,-0.019985740906959024,9.485752514327479e-07,-5.412418821651954,15.126229856105056
0.486652977412731,52000.0,0.5839845447313711,put,Heston,732.2552403160589,-0.0236305765834519,1.1459058002494743e-06,-6.093209659899003,17.17908391910896
0.486652977412731,54000.0,0.6064454887595008,put,Heston,848.3245010442915,-0.027863580719667567,1.3818710504870339e-06,-6.8351565368357114,19.428966964187566
0.486652977412731,55000.0,0.6176759607735656,put,Heston,911.8944017066533,-0.030229560812625577,1.5167299802218595e-06,-7.230273494395078,20.63165430263325
0.486652977412731,56000.0,0.6289064327876305,put,Heston,979.4409488318779,-0.032779299977748984,1.6643093658301976e-06,-7.6421374728452065,21.888240607222542
0.486652977412731,58000.0,0.6513673768157601,put,Heston,1127.4095309710247,-0.03848940693368546,2.0027850622933143e-06,-8.518047688390652,24.56924871476076
0.486652977412731,60000.0,0.6738283208438898,put,Heston,1294.2840253607865,-0.04512616130711555,2.408973921073168e-06,-9.466670792142395,27.483915589618846
0.486652977412731,62000.0,0.6962892648720194,put,Heston,1482.4091576073042,-0.05284653092305763,2.897124776182845e-06,-10.491484348247468,30.64313750983274
0.486652977412731,64000.0,0.7187502089001491,put,Heston,1694.4701249615682,-0.06183700712436598,3.4845579006226165e-06,-11.595370005110453,34.05587403649406
0.486652977412731,65000.0,0.7299806809142139,put,Heston,1810.4227942272191,-0.06687622906668193,3.821880820971093e-06,-12.177601364768634,35.85926347550412
0.486652977412731,66000.0,0.7412111529282788,put,Heston,1933.5502980886595,-0.07231910001247173,4.192168990333256e-06,-12.780188536766218,37.72781475308875
0.486652977412731,68000.0,0.7636720969564084,put,Heston,2203.1973985085788,-0.08455526361893526,5.044859734609183e-06,-14.046167770167813,41.65945839922642
0.486652977412731,70000.0,0.7861330409845381,put,Heston,2507.4974579084665,-0.09885469842172591,6.071624994677426e-06,-15.391031153034419,45.8433790889103
0.486652977412731,72000.0,0.8085939850126677,put,Heston,2851.1537728382245,-0.11557785213333122,7.304980912219631e-06,-16.80878702455084,50.2604305940622
0.486652977412731,74000.0,0.8310549290407974,put,Heston,3239.5644437602314,-0.1351373256784288,8.778963656266829e-06,-18.288093391238363,54.87462549863267
0.486652977412731,75000.0,0.8422854010548622,put,Heston,3452.4457716373727,-0.14612251075033098,9.616218102517296e-06,-19.045311587804463,57.238208581111394
0.486652977412731,76000.0,0.8535158730689271,put,Heston,3678.885778686905,-0.15799129585166674,1.0524665696422773e-05,-19.810151984915137,59.62655025286949
0.486652977412731,78000.0,0.8759768170970567,put,Heston,4176.059018539992,-0.1846231025945254,1.2561736350249869e-05,-21.34620073766564,64.42554120294517
0.486652977412731,80000.0,0.8984377611251864,put,Heston,4738.763951090019,-0.21549819070681805,1.488420984993943e-05,-22.854936138086487,69.1416697576642
0.486652977412731,82000.0,0.920898705153316,put,Heston,5375.246889851551,-0.250988341475883,1.7440237515673263e-05,-24.280679420306114,73.6000896038604
0.486652977412731,84000.0,0.9433596491814457,put,Heston,6093.959524731312,-0.2912574518418225,2.0109059029273043e-05,-25.553770237456774,77.58237752204877
0.486652977412731,85000.0,0.9545901211955105,put,Heston,6486.7060306969215,-0.3131433150415234,2.1425065195084238e-05,-26.10850560864492,79.31803447863786
0.486652977412731,86000.0,0.9658205932095754,put,Heston,6902.955522510965,-0.33611827681080364,2.2686113067049168e-05,-26.59522144998482,80.84118524056976
0.486652977412731,88000.0,0.988281537237705,put,Heston,7809.046782018617,-0.38489893461636904,2.4894903313833526e-05,-27.327275433490286,83.13325744165923
0.9849418206707734,96000.0,1.0085661224926348,call,Heston,13135.897299183394,0.5968040193318499,1.4912173475264187e-05,-22.339192057079345,70.06519685310195
0.9849418206707734,98000.0,1.0295779167112313,call,Heston,12255.285619331931,0.5671299638167735,1.5302821102610895e-05,-22.503808036351984,70.58297560288338
0.9849418206707734,100000.0,1.050589710929828,call,Heston,11432.373650998554,0.537452219633184,1.5537860539693568e-05,-22.55014682012552,70.72955409166752
0.9849418206707734,102000.0,1.0716015051484244,call,Heston,10665.731207171717,0.5080679366764278,1.5614795345610484e-05,-22.48259297653567,70.51866501387849
0.9849418206707734,104000.0,1.092613299367021,call,Heston,9953.446195905206,0.4792538987292805,1.5539341170231594e-05,-22.30884857073397,69.97443308428046
0.9849418206707734,106000.0,1.1136250935856176,call,Heston,9293.201551941711,0.4512540749289852,1.5324296228325714e-05,-22.039244831423275,69.1292226605583
0.9849418206707734,108000.0,1.1346368878042141,call,Heston,8682.365427633104,0.4242710078344005,1.4987722614336257e-05,-21.685910930187674,68.02103825648373
0.9849418206707734,110000.0,1.1556486820228107,call,Heston,8118.086136535898,0.3984614927030285,1.4550823693185036e-05,-21.26191729263519,66.69084443838074
0.9849418206707734,112000.0,1.1766604762414072,call,Heston,7597.384128148122,0.3739362776655331,1.4035887262970094e-05,-20.78049356390693,65.18011785628914
0.9849418206707734,114000.0,1.1976722704600038,call,Heston,7117.235033282792,0.3507629973556914,1.3464571430188426e-05,-20.254388531127915,63.52884195130173
0.9849418206707734,116000.0,1.2186840646786004,call,Heston,6674.640002983913,0.3289713089127434,1.2856664138964925e-05,-19.695402696484962,61.77404079007829
0.9849418206707734,118000.0,1.239695858897197,call,Heston,6266.681674981093,0.3085592008143383,1.2229336913023726e-05,-19.11409301373351,59.94885108175367
0.9849418206707734,120000.0,1.2607076531157935,call,Heston,5890.5658157648795,0.2894996103972785,1.1596830290964136e-05,-18.519628212343378,58.08206544679706
0.9849418206707734,125000.0,1.3132371386622848,call,Heston,5072.6633487443105,0.2474360694819678,1.0060568094089823e-05,-17.023489167611842,53.38262478726392
0.9849418206707734,130000.0,1.3657666242087763,call,Heston,4401.177319650547,0.21251838008288282,8.665223043529e-06,-15.576428400783698,48.83599321874499
0.9849418206707734,135000.0,1.4182961097552675,call,Heston,3846.341909107785,0.18361437906421377,7.450225249227827e-06,-14.224886577569123,44.58846900051867
0.9849418206707734,140000.0,1.470825595301759,call,Heston,3384.523488242683,0.15965375052644074,6.416025638152241e-06,-12.988646390782378,40.70258530000501
0.9849418206707734,150000.0,1.5758845663947418,call,Heston,2669.852229435246,0.12302190591443116,4.815694469097823e-06,-10.869129322178196,34.039048408067174
0.9849418206707734,160000.0,1.6809435374877246,call,Heston,2152.330063969707,0.09706001271911428,3.689718682435389e-06,-9.171159059542333,28.700096941884112
0.9849418206707734,170000.0,1.7860025085807074,call,Heston,1767.303707017937,0.07818551538457506,2.8878898178566795e-06,-7.813951255593565,24.43252462953751
0.9849418206707734,180000.0,1.89106147967369,call,Heston,1473.9618971034015,0.06412416642221078,2.305542295768313e-06,-6.722645825198015,21.001285363308853
0.9849418206707734,190000.0,1.9961204507666728,call,Heston,1245.799711344961,0.05341389814585573,1.8735295678231658e-06,-5.837084882008639,18.21733126807885
0.9849418206707734,200000.0,2.101179421859656,call,Heston,1065.107735721485,0.0450940298723855,1.5464340933352256e-06,-5.111164019123407,15.93569937419943
0.9849418206707734,210000.0,2.2062383929526383,call,Heston,919.7360514795469,0.038517927204393086,1.2940747542674324e-06,-4.51005389461443,14.046836898796755
0.9849418206707734,220000.0,2.3112973640456214,call,Heston,801.1464044495788,0.03323993499010608,1.0960368160045449e-06,-4.007457591454113,12.468006295443956
0.9849418206707734,50000.0,0.525294855464914,put,Heston,1454.479997910923,-0.032375407376247056,1.1897672259434438e-06,-5.392754917869752,16.831518445542315
0.9849418206707734,60000.0,0.6303538265578967,put,Heston,2606.760020787413,-0.062722587990566,2.481222618545619e-06,-8.671788615291007,27.131013957841787
0.9849418206707734,65000.0,0.6828833121043881,put,Heston,3404.50915127583,-0.08522456638358146,3.4874175971166488e-06,-10.654925516282674,33.361726905059186
0.9849418206707734,70000.0,0.7354127976508795,put,Heston,4389.608566539653,-0.1142360114314931,4.811998012359895e-06,-12.827031814289512,40.18624356249347
0.9849418206707734,72000.0,0.7564245918694761,put,Heston,4843.897356787915,-0.12796596437060048,5.441510688165312e-06,-13.733674769013305,43.034693596564466
0.9849418206707734,74000.0,0.7774363860880726,put,Heston,5336.233226667566,-0.14303803874251017,6.129939561989562e-06,-14.652289147343254,45.920633193600224
0.9849418206707734,76000.0,0.7984481803066692,put,Heston,5869.1413660644175,-0.15952929950798894,6.876189238674068e-06,-15.574532169252052,48.81782458833186
0.9849418206707734,78000.0,0.8194599745252658,put,Heston,6445.193669687433,-0.17750509321476907,7.676616967163621e-06,-16.490571268601343,51.69536133034853
0.9849418206707734,80000.0,0.8404717687438623,put,Heston,7066.9697644097905,-0.19701330148261795,8.524366248349064e-06,-17.38910232242779,54.51772928063292
0.9849418206707734,82000.0,0.8614835629624589,put,Heston,7737.007242282154,-0.21807777869821496,9.408759388661158e-06,-18.25747483455052,57.24520321964519
0.9849418206707734,84000.0,0.8824953571810554,put,Heston,8457.740890817775,-0.24069133349806313,1.031484328049458e-05,-19.08195427150349,59.83467317055329
0.9849418206707734,86000.0,0.903507151399652,put,Heston,9231.431830763075,-0.2648088619161566,1.1223263640564338e-05,-19.84814459599147,62.24097196100047
0.9849418206707734,88000.0,0.9245189456182484,put,Heston,10060.088973801947,-0.2903414934839604,1.2110627197014662e-05,-20.54157794105413,64.41872496870928
0.9849418206707734,90000.0,0.945530739836845,put,Heston,10945.386969867235,-0.3171528000724369,1.2950471483549125e-05,-21.14845259768481,66.32466239971109
0.9849418206707734,92000.0,0.9665425340554415,put,Heston,11888.586548098858,-0.34505814830679693,1.3714899901412227e-05,-21.656467500084545,67.92023142697872
0.9849418206707734,94000.0,0.9875543282740381,put,Heston,12890.464451810578,-0.37382806363938115,1.4376768654943512e-05,-22.055667793902103,69.17424091006978
0.026694045174537988,84000.0,1.001058392241513,call,Bates,1791.2259363870617,0.5295082198318328,0.00010058715176661001,-88.19265824295871,53.45631443269667
0.026694045174537988,85000.0,1.012975754053912,call,Bates,1334.3013763822237,0.42741597832867184,0.00010284523895890076,-85.44976405530906,52.21588685562892
0.026694045174537988,86000.0,1.024893115866311,call,Bates,976.5535928407953,0.3307041452759566,9.240206996442415e-05,-79.36541326892984,47.38995231091394
0.026694045174537988,87000.0,1.03681047767871,call,Bates,706.3020669500729,0.24915485961774375,7.533811818171775e-05,-71.0257922097262,40.5553131358829
0.026694045174537988,88000.0,1.0487278394911088,call,Bates,506.3120481680635,0.18481808138071196,5.9372486972302286e-05,-61.658958171115955,33.456511685199075
0.026694045174537988,89000.0,1.060645201303508,call,Bates,360.61833687089893,0.1347520372224557,4.660691025049869e-05,-52.145144433116,26.89404132643176
0.026694045174537988,90000.0,1.0725625631159068,call,Bates,256.47658086284446,0.09649268425483554,3.5045026593263494e-05,-43.04355605085675,20.979076549201636
0.026694045174537988,92000.0,1.0963972867407048,call,Bates,130.25046331385147,0.050561428497787844,1.6757258576907637e-05,-27.743989895058803,11.982987370583942
0.026694045174537988,94000.0,1.1202320103655026,call,Bates,64.31422661401484,0.026301224089099216,1.1153016490884094e-05,-17.128581333736747,7.085589794951375
0.026694045174537988,95000.0,1.1321493721779017,call,Bates,45.57350629730968,0.017668679045416896,8.024538054675863e-06,-13.177198561708337,5.21443247703246
0.026694045174537988,100000.0,1.1917361812398963,call,Bates,7.632123485874445,0.002663160868657795,2.55188349814188e-06,-3.3057190031046844,1.2431138190777347
0.026694045174537988,65000.0,0.7746285178059327,put,Bates,1.8973686978133628,-0.00034298835216891,1.383608885582117e-06,-1.302751644368982,0.5178256044018781
0.026694045174537988,68000.0,0.8103806032431295,put,Bates,8.700200873718131,-0.0018397368506419824,1.0628858555963418e-06,-3.638466561023961,1.12804376258282
0.026694045174537988,70000.0,0.8342153268679275,put,Bates,19.602738120185677,-0.0067787491591007306,1.212725935699552e-06,-6.858161862677662,2.013655963673955
0.026694045174537988,72000.0,0.8580500504927254,put,Bates,40.341201325980364,-0.011595479497450186,4.682087920373785e-06,-12.608714760834118,4.266711136006052
0.026694045174537988,73000.0,0.8699674123051244,put,Bates,58.088125112539274,-0.018217177234196847,6.254778826995143e-06,-16.570261850458337,5.715366976801306
0.026694045174537988,74000.0,0.8818847741175234,put,Bates,83.90017934251227,-0.025322376792327357,6.336988994417124e-06,-21.405210673096008,7.416394969186513
0.026694045174537988,75000.0,0.8938021359299223,put,Bates,118.2104513624945,-0.033789877940557614,9.409685298909717e-06,-27.384422679024283,10.048617492429912
0.026694045174537988,76000.0,0.9057194977423213,put,Bates,164.58657744844095,-0.04742251502454335,1.5254250928025893e-05,-34.416130205470836,13.540903310786234
0.026694045174537988,77000.0,0.9176368595547203,put,Bates,229.41200205421774,-0.06703770886128677,2.0269697975157924e-05,-42.2343328569259,17.477495922503294
0.026694045174537988,78000.0,0.9295542213671192,put,Bates,318.2908905314398,-0.09159570074952282,2.5516985498332443e-05,-50.73999826332147,22.10122895630775
0.026694045174537988,79000.0,0.9414715831795182,put,Bates,437.09743482639897,-0.12343430906816318,3.490495707206098e-05,-59.7638336027303,27.820663917373167
0.026694045174537988,80000.0,0.9533889449919172,put,Bates,595.58392795283,-0.16694958338348967,4.784502698329948e-05,-68.71839378048026,34.250764383614296
0.026694045174537988,81000.0,0.9653063068043161,put,Bates,806.6306323367317,-0.22364280651934004,6.0805693147397015e-05,-76.77777078407235,40.581572867085924
0.026694045174537988,82000.0,0.9772236686167151,put,Bates,1082.86833712901,-0.2927947849323773,7.375120699028668e-05,-83.20282111759298,46.35421998027596
0.026694045174537988,83000.0,0.989141030429114,put,Bates,1436.449669788155,-0.37509087684895726,8.8273800613893e-05,-87.27530559359002,51.06305642329971
0.08418891170431211,85000.0,1.0059171597633136,call,Bates,2860.1584403225206,0.5196272076859956,6.988421296977025e-05,-47.31250083724444,80.8717706520838
0.08418891170431211,86000.0,1.017751479289941,call,Bates,2411.7239974928525,0.450074347267778,7.00837783662516e-05,-46.615573765353474,79.19735592113284
0.08418891170431211,87000.0,1.029585798816568,call,Bates,2030.590845550094,0.38338285589843124,6.57741248091839e-05,-45.14196583865123,75.50203415739816
0.08418891170431211,88000.0,1.0414201183431953,call,Bates,1711.2940269941282,0.323232393030061,5.847153328224454e-05,-43.08728062429145,70.36770857648662
0.08418891170431211,89000.0,1.0532544378698225,call,Bates,1445.879877812753,0.27129040403720733,5.031640210131631e-05,-40.68823770293238,64.49644447366154
0.08418891170431211,90000.0,1.0650887573964498,call,Bates,1225.8886201374007,0.22748078316095877,4.258534076437197e-05,-38.128854137085,58.425387738134305
0.08418891170431211,91000.0,1.0769230769230769,call,Bates,1043.5154402085627,0.19104822975393596,3.555950525576002e-05,-35.529106087889886,52.47919808125516
0.08418891170431211,92000.0,1.0887573964497042,call,Bates,891.8831392179327,0.16114641988700593,2.9344040283309873e-05,-32.977752383303596,46.871798129541276
0.08418891170431211,93000.0,1.1005917159763314,call,Bates,765.1039723970407,0.1367590619056446,2.425010172475568e-05,-30.542193873045107,41.75527649476862
0.08418891170431211,94000.0,1.1124260355029585,call,Bates,658.446604235387,0.11666579150660898,2.0398622257437062e-05,-28.252248084549137,37.18237842904273
0.08418891170431211,95000.0,1.1242603550295858,call,Bates,568.3423425660749,0.09980169189405456,1.7410089883594702e-05,-26.100624452239572,33.1000703672089
0.08418891170431211,96000.0,1.136094674556213,call,Bates,492.04163335602243,0.08557941017618129,1.4761892891876547e-05,-24.07288012943718,29.42812845253684
0.08418891170431211,98000.0,1.1597633136094674,call,Bates,371.7447832816806,0.06395068488755579,1.0362755335377432e-05,-20.413053385565036,23.23738279023928
0.08418891170431211,100000.0,1.183431952662722,call,Bates,282.931596653591,0.0484452538918727,8.035362348557558e-06,-17.29275495601496,18.48210442610707
0.08418891170431211,102000.0,1.2071005917159763,call,Bates,217.1005102969857,0.03671905217412217,5.901517101061525e-06,-14.580595141354934,14.662330607575313
0.08418891170431211,104000.0,1.2307692307692308,call,Bates,167.64628695874035,0.02851897068736305,4.3441349879050145e-06,-12.279926220563084,11.680887926058858
0.08418891170431211,105000.0,1.242603550295858,call,Bates,147.47544331764038,0.025133499683607948,4.051556159615256e-06,-11.275097157237497,10.476950872487123
0.08418891170431211,106000.0,1.2544378698224852,call,Bates,129.92675790694852,0.0220078168993727,3.721457125870519e-06,-10.34068701436172,9.387712011834992
0.08418891170431211,110000.0,1.301775147928994,call,Bates,79.50377857886951,0.013626647368801596,2.0362370603002256e-06,-7.2775523293400965,6.028186512776301
0.08418891170431211,115000.0,1.3609467455621302,call,Bates,44.03181726221783,0.007544397720908473,9.222923392555414e-07,-4.672608689543722,3.507284494190799
0.08418891170431211,40000.0,0.47337278106508873,put,Bates,0.0,0.0,0.0,0.0,0.0
0.08418891170431211,45000.0,0.5325443786982249,put,Bates,2.1793586873827735,-0.00029122152867914347,-5.806805709103217e-08,-0.4874881047362578,0.242347976018209
0.08418891170431211,48000.0,0.5680473372781065,put,Bates,5.203617867482535,-0.0006431009193858925,2.0542131827981864e-07,-0.9023756208916893,0.5075834571471205
0.08418891170431211,50000.0,0.591715976331361,put,Bates,8.703952223615488,-0.0010103441072392314,4.1646673449237086e-08,-1.297658960625995,0.7288743530807551
0.08418891170431211,52000.0,0.6153846153846154,put,Bates,13.704567244349164,-0.0017441057540840033,6.8279108646466e-08,-1.8409566989939776,1.072154323628638
0.08418891170431211,54000.0,0.6390532544378699,put,Bates,20.784549234056612,-0.002587635721305258,4.387427152248182e-07,-2.584110184732708,1.6086665593320504
0.08418891170431211,55000.0,0.650887573964497,put,Bates,25.638161109753128,-0.0030589102187570036,2.093124946035497e-07,-3.017719015464536,1.889756173841306
0.08418891170431211,56000.0,0.6627218934911243,put,Bates,31.127365882130107,-0.003570956110416294,5.402059581659386e-07,-3.5398512015744927,2.3031799177260837
0.08418891170431211,57000.0,0.6745562130177515,put,Bates,37.7893072245497,-0.0045558539129305934,6.607130985986299e-07,-4.108801134592795,2.7331726749252994
0.08418891170431211,58000.0,0.6863905325443787,put,Bates,45.83919103160588,-0.005366848828632676,4.98065780109363e-07,-4.743221956472553,3.2066562889667694
0.08418891170431211,59000.0,0.6982248520710059,put,Bates,55.06707675260259,-0.006317314707340683,8.8787603086283e-07,-5.480991216711118,3.834723170803045
0.08418891170431211,60000.0,0.7100591715976331,put,Bates,66.07082279616588,-0.007799234109160561,1.0936844695232556e-06,-6.2829805767396465,4.511003573861672
0.08418891170431211,61000.0,0.7218934911242604,put,Bates,79.18019012940931,-0.009228146312787257,9.880871192272467e-07,-7.163327113186824,5.255444746944704
0.08418891170431211,62000.0,0.7337278106508875,put,Bates,94.28572571009863,-0.01080915639583385,1.4026212069339923e-06,-8.161747571663,6.186604012327734
0.08418891170431211,63000.0,0.7455621301775148,put,Bates,111.98948241116159,-0.013039881202837274,1.814784882876148e-06,-9.245545197583851,7.226491209803498
0.08418891170431211,64000.0,0.757396449704142,put,Bates,132.88197459400544,-0.0154662298310008,1.821119227993096e-06,-10.410879513830878,8.355501949699828
0.08418891170431211,65000.0,0.7692307692307693,put,Bates,157.0143334060267,-0.018036400829717383,2.2113728482585453e-06,-11.69995131286123,9.70151402252668
0.08418891170431211,66000.0,0.7810650887573964,put,Bates,184.92766450790805,-0.02135156664240295,2.9027056506442348e-06,-13.095987135689938,11.246593661053339
0.08418891170431211,67000.0,0.7928994082840237,put,Bates,217.53049425498466,-0.025273438098946496,3.2074442871230834e-06,-14.57076685820357,12.923300931288395
0.08418891170431211,68000.0,0.8047337278106509,put,Bates,255.2427226632426,-0.029467557678853305,3.5797371113777384e-06,-16.154352399724303,14.83054330892628
0.08418891170431211,69000.0,0.8165680473372781,put,Bates,298.55876806215383,-0.03441066368718593,4.498263008605322e-06,-17.856450364983175,17.037840021657757
0.08418891170431211,70000.0,0.8284023668639053,put,Bates,348.60562168950855,-0.0404492506408477,5.374641798535508e-06,-19.63785061056842,19.47632834126125
0.08418891170431211,71000.0,0.8402366863905325,put,Bates,406.4437125479453,-0.04726676822994069,6.0133875733200535e-06,-21.49378581585188,22.16111706875381
0.08418891170431211,72000.0,0.8520710059171598,put,Bates,472.85297992260894,-0.05494373458397668,7.099804492028652e-06,-23.451177092836588,25.21247633776511
0.08418891170431211,73000.0,0.863905325443787,put,Bates,549.1005154060549,-0.06414074898740832,8.726436234255417e-06,-25.494117001479026,28.645999899163144
0.08418891170431211,74000.0,0.8757396449704142,put,Bates,637.0235692392016,-0.07510939607129448,1.0333197359420232e-05,-27.58627721258381,32.405873951211106
0.08418891170431211,75000.0,0.8875739644970414,put,Bates,738.4226399005274,-0.08776624560698497,1.2075636688293637e-05,-29.73466046093381,36.54752911097603
0.08418891170431211,76000.0,0.8994082840236687,put,Bates,855.236531868708,-0.10263841153885728,1.4690601537796814e-05,-31.958622352860402,41.17452784339548
0.08418891170431211,77000.0,0.9112426035502958,put,Bates,990.3024324668513,-0.12078675094178391,1.8318815414161285e-05,-34.23370164682274,46.26871368527645
0.08418891170431211,78000.0,0.9230769230769231,put,Bates,1147.4825272949674,-0.14307617171792886,2.2702910009176677e-05,-36.51781008519174,51.72796200349694
0.08418891170431211,79000.0,0.9349112426035503,put,Bates,1331.3831550675386,-0.17029835235502447,2.8103858262888997e-05,-38.79019866550516,57.465395591862034
0.08418891170431211,80000.0,0.9467455621301775,put,Bates,1547.551608216192,-0.20366816911997943,3.4938988988869305e-05,-41.01651637046598,63.32700837883749
0.08418891170431211,81000.0,0.9585798816568047,put,Bates,1802.772161520974,-0.24443396688996916,4.285764958575001e-05,-43.103818564108224,68.98013886529952
0.08418891170431211,82000.0,0.9704142011834319,put,Bates,2104.6194321806543,-0.2930944509282102,5.099895484227683e-05,-44.920576914577396,73.98560507572256
0.08418891170431211,83000.0,0.9822485207100592,put,Bates,2460.559328568852,-0.34935245726611625,5.8771059550166234e-05,-46.33071073006431,77.91952554107411
0.08418891170431211,84000.0,0.9940828402366864,put,Bates,2877.3057437881944,-0.412379573642644,6.554557429644517e-05,-47.183135980027146,80.35962845460745
0.2375085557837098,88000.0,1.0197674098919527,call,Bates,4533.912456183818,0.4977227405239117,4.3517817057124016e-05,-33.45285782258725,91.46357498611906
0.2375085557837098,90000.0,1.0429439419349518,call,Bates,3742.5002059162725,0.41479755998857787,4.138497749274271e-05,-32.363305567334464,87.90372589064646
0.2375085557837098,92000.0,1.0661204739779506,call,Bates,3102.530576766432,0.3407050872509282,3.640640220706708e-05,-30.516823601737997,82.00976826556143
0.2375085557837098,94000.0,1.0892970060209495,call,Bates,2590.5716488871512,0.2786474974598812,3.041770829175678e-05,-28.273530254497018,74.94350137512811
0.2375085557837098,95000.0,1.100885272042449,call,Bates,2374.6419726117747,0.2522148294704175,2.7493376856193298e-05,-27.100311012003658,71.2807077972684
0.2375085557837098,96000.0,1.1124735380639486,call,Bates,2181.4197542263573,0.22862405256989926,2.4751757364403357e-05,-25.929979119682685,67.64860327657516
0.2375085557837098,98000.0,1.1356500701069474,call,Bates,1852.648857694834,0.18896352621201287,1.997467847339737e-05,-23.667190045613097,60.68950245535234
0.2375085557837098,100000.0,1.1588266021499463,call,Bates,1586.1806472426742,0.15759508049138368,1.6147875120495573e-05,-21.570769257772554,54.32262196745796
0.2375085557837098,102000.0,1.1820031341929453,call,Bates,1368.0932852331644,0.132665466715526,1.3143467216324143e-05,-19.669651077960225,48.623779667650524
0.2375085557837098,104000.0,1.2051796662359442,call,Bates,1187.8507617823543,0.11267851571985071,1.080050536249973e-05,-17.963445033798052,43.57835800283283
0.2375085557837098,105000.0,1.2167679322574436,call,Bates,1109.3574326180897,0.1041694966511963,9.825480708401804e-06,-17.179220380149673,41.283930736426555
0.2375085557837098,106000.0,1.228356198278943,call,Bates,1037.50897552268,0.09649333311170437,8.95920589438507e-06,-16.4380121387685,39.13091072458883
0.2375085557837098,108000.0,1.2515327303219421,call,Bates,911.0349958120269,0.08325709999631643,7.504847503929621e-06,-15.075426139289448,35.21602757323308
0.2375085557837098,110000.0,1.274709262364941,call,Bates,803.8131264039384,0.07232113789663201,6.346727453705624e-06,-13.856702012571077,31.76730882432821
0.2375085557837098,115000.0,1.3326505924724383,call,Bates,598.4415654187742,0.05216541992716388,4.320973205929808e-06,-11.327701462910682,24.800639436534766
0.2375085557837098,120000.0,1.3905919225799355,call,Bates,455.15583146999916,0.03875570362621439,3.0669783243754416e-06,-9.369007676708407,19.622852437214533
0.2375085557837098,125000.0,1.4485332526874328,call,Bates,352.2088046707513,0.02947172506721451,2.250367392883113e-06,-7.825056344830045,15.71080509620515
0.2375085557837098,130000.0,1.5064745827949302,call,Bates,276.47541238621557,0.02283910324498871,1.6976572471116733e-06,-6.589297101280408,12.71023450174198
0.2375085557837098,135000.0,1.5644159129024275,call,Bates,219.6675523831143,0.017980637477013298,1.308174771690154e-06,-5.587324858385728,10.3774254785435
0.2375085557837098,140000.0,1.622357243009925,call,Bates,176.3515620917649,0.014344142999813353,1.022622955157516e-06,-4.765964459013276,8.541738577537217
0.2375085557837098,150000.0,1.7382399032249194,call,Bates,116.6149968162141,0.009434475450494896,6.568616766229209e-07,-3.5212207959697253,5.912914716316209
0.2375085557837098,160000.0,1.854122563439914,call,Bates,79.233286175925,0.006432303780588716,4.3869529060565205e-07,-2.6464388506643672,4.194422843113443
0.2375085557837098,170000.0,1.9700052236549088,call,Bates,54.91422746908154,0.0045186555250889115,3.0155914695549566e-07,-2.0181249813243767,3.038108308004439
0.2375085557837098,180000.0,2.0858878838699035,call,Bates,38.55782231494038,0.003256995618847575,2.1285288673161443e-07,-1.5587919143812314,2.2409458857595155
0.2375085557837098,190000.0,2.201770544084898,call,Bates,27.22514386486617,0.002401504499855899,1.5364309126144718e-07,-1.2178551992128348,1.6796192873982818
0.2375085557837098,200000.0,2.3176532042998925,call,Bates,19.15397350292193,0.0018075947627819936,1.1298078507824125e-07,-0.9613910417873512,1.2769133421699053
0.2375085557837098,210000.0,2.4335358645148872,call,Bates,13.25212846062172,0.001386944837540576,8.47211185845267e-08,-0.7661575982086646,0.9832159463819323
0.2375085557837098,220000.0,2.549418524729882,call,Bates,8.823482158919873,0.0010841586962151736,6.53651180703221e-08,-0.6159426587631884,0.7659070296504922
0.2375085557837098,230000.0,2.6653011849448767,call,Bates,5.4138843603482485,0.0008638970435195267,5.203679184849338e-08,-0.49922395897485217,0.6029840756625049
0.2375085557837098,240000.0,2.781183845159871,call,Bates,2.7213883239907943,0.0007023198630910994,4.101900028104489e-08,-0.40761168988944263,0.47909865973387866
0.2375085557837098,250000.0,2.8970665053748657,call,Bates,0.5407323697803221,0.0005809774444583192,2.987176465225938e-08,-0.3349432172984521,0.3834736327959831
0.2375085557837098,20000.0,0.23176532042998926,put,Bates,0.0,0.0,0.0,0.0,0.0
0.2375085557837098,30000.0,0.34764798064498387,put,Bates,12.626842944133386,-0.0007441244701697796,4.045825361864948e-08,-0.6114271325277514,0.763150441707694
0.2375085557837098,35000.0,0.4055893107524812,put,Bates,30.40240397246089,-0.0015660514535673475,9.049006524612466e-08,-1.162607306985592,1.5870669703872409
0.2375085557837098,40000.0,0.4635306408599785,put,Bates,62.037939867790556,-0.0030704133213425933,1.8205852611331655e-07,-2.002523154093069,2.981604649176006
0.2375085557837098,45000.0,0.5214719709674759,put,Bates,115.13001521676051,-0.005658265413112894,3.455638012615183e-07,-3.1998394683323568,5.1864106382709
0.2375085557837098,50000.0,0.5794133010749731,put,Bates,200.25354087440792,-0.009919894260025658,6.226675075846412e-07,-4.823323792894371,8.493965365050826
0.2375085557837098,52000.0,0.6025898331179721,put,Bates,246.4005997349086,-0.012280605489969702,7.798865872927231e-07,-5.608048243593657,10.202770901378244
0.2375085557837098,54000.0,0.6257663651609711,put,Bates,301.1562930030559,-0.01512704950894688,9.744666964831665e-07,-6.477541530744929,12.169860600988613
0.2375085557837098,55000.0,0.6373546311824705,put,Bates,332.1825447167066,-0.01675898372650556,1.0897117890155077e-06,-6.945872250449611,13.259195136924973
0.2375085557837098,56000.0,0.6489428972039699,put,Bates,365.89242376186303,-0.018550865000134593,1.2170867560044397e-06,-7.437387832345848,14.423604598414386
0.2375085557837098,58000.0,0.6721194292469689,put,Bates,442.2055611624746,-0.022665987890709335,1.5149955737510207e-06,-8.493321211775765,16.993840979557717
0.2375085557837098,60000.0,0.6952959612899677,put,Bates,531.9583890091089,-0.027617325692423332,1.8842495879942897e-06,-9.651814095734153,19.91367876980803
0.2375085557837098,62000.0,0.7184724933329667,put,Bates,637.3418356184993,-0.03357804276773288,2.348658996297194e-06,-10.920327061307034,23.21999792002316
0.2375085557837098,64000.0,0.7416490253759657,put,Bates,760.9620284909179,-0.0407705429292216,2.928684784924417e-06,-12.306508709087211,26.951577697036555
0.2375085557837098,65000.0,0.7532372913974651,put,Bates,830.5605118210296,-0.044916594697610474,3.276665572004395e-06,-13.046588803001214,28.990729042197927
0.2375085557837098,66000.0,0.7648255574189645,put,Bates,905.9377097046308,-0.0494850255751606,3.6670468386843197e-06,-13.81938623154565,31.15258121069928
0.2375085557837098,68000.0,0.7880020894619635,put,Bates,1076.063241987169,-0.06009496637668948,4.617449103174348e-06,-15.46894497226458,35.87052809962188
0.2375085557837098,70000.0,0.8111786215049624,put,Bates,1276.0322553813166,-0.0731215169474675,5.860582772566458e-06,-17.265889531263383,41.15455651335651
0.2375085557837098,72000.0,0.8343551535479613,put,Bates,1511.773932816126,-0.08928324085360059,7.52843332886012e-06,-19.221774729914614,47.051605788146844
0.2375085557837098,74000.0,0.8575316855909603,put,Bates,1790.9738861401565,-0.10961801573210747,9.803551059078393e-06,-21.344151476485422,53.58674145536497
0.2375085557837098,75000.0,0.8691199516124597,put,Bates,1949.9222860359005,-0.12178600837568711,1.1248224236492311e-05,-22.467476584977703,57.08845643530367
0.2375085557837098,76000.0,0.8807082176339592,put,Bates,2123.7813638457155,-0.13558345735385605,1.294255191147577e-05,-23.628977166925324,60.731388635758776
0.2375085557837098,78000.0,0.9038847496769581,put,Bates,2523.6759673091,-0.1691233752619452,1.721365438239141e-05,-26.04092363033851,68.3398355380632
0.2375085557837098,80000.0,0.927061281719957,put,Bates,3008.2317857477756,-0.21260276728887922,2.2843759476429335e-05,-28.48384710002574,76.06622621242423
0.2375085557837098,82000.0,0.950237813762956,put,Bates,3599.364883781149,-0.26834020701900396,2.963412602303149e-05,-30.75655728188576,83.23872117034625
0.2375085557837098,84000.0,0.9734143458059549,put,Bates,4321.6141405891685,-0.33722336491559884,3.652356368199625e-05,-32.54847024270566,88.84753291495144
0.2375085557837098,85000.0,0.9850026118274544,put,Bates,4739.149346786697,-0.3760619827901187,3.945181396249674e-05,-33.15554227208486,90.71835959912278
0.2375085557837098,86000.0,0.9965908778489538,put,Bates,5197.281748935187,-0.41708548682988383,4.171429598749551e-05,-33.521044937326224,91.81400963716442
0.486652977412731,90000.0,1.0107424812658345,call,Bates,7834.532942391335,0.5619025128745107,2.6777310450725916e-05,-27.69538552056474,84.79896154021844
0.486652977412731,92000.0,1.0332034252939644,call,Bates,6948.923630241035,0.5088245092775127,2.7304214845424588e-05,-27.62082285573706,84.52101336079068
0.486652977412731,94000.0,1.055664369322094,call,Bates,6165.345646608017,0.45680142863395823,2.6874274503991048e-05,-27.165200506824476,83.03495454456424
0.486652977412731,95000.0,1.0668948413361588,call,Bates,5810.120257780494,0.4317156325089804,2.633820965951593e-05,-26.812289378642163,81.8954795729951
0.486652977412731,96000.0,1.0781253133502235,call,Bates,5478.024006282776,0.407477348669044,2.5624828082013473e-05,-26.388800127795548,80.53251243818522
0.486652977412731,98000.0,1.1005862573783534,call,Bates,4878.776282587394,0.36203156826963284,2.3800870832821665e-05,-25.37290776285954,77.27273823766154
0.486652977412731,100000.0,1.123047201406483,call,Bates,4358.102973032241,0.3210982502076651,2.1670398747183873e-05,-24.201910396455787,73.5254960563907
0.486652977412731,102000.0,1.1455081454346125,call,Bates,3906.1967849369394,0.28483190626800226,1.945866750809653e-05,-22.950046922283946,69.52878968149889
0.486652977412731,104000.0,1.1679690894627421,call,Bates,3513.681884652142,0.2530476772026174,1.7320780379600015e-05,-21.675187491335237,65.46818470997096
0.486652977412731,105000.0,1.1791995614768072,call,Bates,3336.9955518587885,0.23872212914488597,1.6309289265400366e-05,-21.042538195724774,63.45679416790517
0.486652977412731,106000.0,1.190430033490872,call,Bates,3172.043830561055,0.22536651701508265,1.53450268251686e-05,-20.41830018382825,61.47464031346317
0.486652977412731,108000.0,1.2128909775190015,call,Bates,2873.807575069537,0.20132760916458695,1.356995792361251e-05,-19.205973483678463,57.632498083421524
0.486652977412731,110000.0,1.2353519215471311,call,Bates,2612.550310071936,0.18046041753477005,1.2002635965729915e-05,-18.053859662988543,53.99066627433058
0.486652977412731,112000.0,1.257812865575261,call,Bates,2382.8245267904167,0.16232395571267552,1.0632747220911638e-05,-16.969883249808845,50.573120830358675
0.486652977412731,115000.0,1.2915042816174553,call,Bates,2087.52697282404,0.13939164474422136,8.9069826464633e-06,-15.476758145790882,45.880588702766545
0.486652977412731,120000.0,1.3476566416877795,call,Bates,1697.8493487132437,0.10996554992884817,6.735121865153564e-06,-13.328324306654395,39.16154039470712
0.486652977412731,125000.0,1.4038090017581037,call,Bates,1402.0397007765114,0.08841158646873412,5.200313055056682e-06,-11.55395209557264,33.64515374773873
0.486652977412731,130000.0,1.4599613618284277,call,Bates,1172.9269096855414,0.07226821080519004,4.096018703219261e-06,-10.086923760418358,29.110311381782594
0.486652977412731,140000.0,1.5722660819690761,call,Bates,847.7385358593142,0.050312661347637094,2.6765662520790937e-06,-7.845835720217565,22.23937792423385
0.486652977412731,150000.0,1.6845708021097243,call,Bates,634.1080566610963,0.0365906530409738,1.8502988246327235e-06,-6.250461542951143,17.40396292468631
0.486652977412731,160000.0,1.7968755222503727,call,Bates,487.2394755031619,0.02752780262195407,1.3362302569065822e-06,-5.0801180250477955,13.8987933833846
0.486652977412731,170000.0,1.909180242391021,call,Bates,382.55685943738376,0.02127624890808357,9.987779796061392e-07,-4.198333715666195,11.29037966489932
0.486652977412731,180000.0,2.021484962531669,call,Bates,305.71429756627003,0.016810977403314574,7.674699782519448e-07,-3.518556588715228,9.305068013225082
0.486652977412731,190000.0,2.1337896826723175,call,Bates,247.90609256571122,0.013529398078851557,6.032222433509797e-07,-2.9841575728210046,7.764579864362986
0.486652977412731,200000.0,2.246094402812966,call,Bates,203.49955119455637,0.011059862622846034,4.831338425991282e-07,-2.556947879459017,6.54923045714213
0.486652977412731,35000.0,0.39306652049226903,put,Bates,170.87057663853193,-0.00498970282454573,2.066110297313631e-07,-1.916979731664469,4.838041715629515
0.486652977412731,40000.0,0.4492188805625932,put,Bates,277.1304667410441,-0.00824419146703989,3.5542091804000445e-07,-2.8214899096492445,7.376032752654282
0.486652977412731,45000.0,0.5053712406329173,put,Bates,427.6689992463653,-0.013080559576032874,5.885374476178941e-07,-3.9840210484544514,10.732601797644747
0.486652977412731,50000.0,0.5615236007032415,put,Bates,636.1580738128105,-0.020144467479449955,9.498030928922196e-07,-5.449550225719577,15.062932838554843
0.486652977412731,52000.0,0.5839845447313711,put,Bates,739.6007112936277,-0.02378929685550527,1.1444295457234264e-06,-6.13181295832328,17.106314618649776
0.486652977412731,54000.0,0.6064454887595008,put,Bates,856.4803656633085,-0.02801064014466335,1.3760622958873997e-06,-6.874107909017766,19.34543112911342
0.486652977412731,55000.0,0.6176759607735656,put,Bates,920.4347405613153,-0.030364795890920164,1.5079559609675235e-06,-7.268874390851124,20.542289428703953
0.486652977412731,56000.0,0.6289064327876305,put,Bates,988.3426765377226,-0.032897669311741026,1.6519324853247167e-06,-7.6799823587425635,21.79280409363855
0.486652977412731,58000.0,0.6513673768157601,put,Bates,1136.9303393197115,-0.03855518884825536,1.9808949799508335e-06,-8.553005966321507,24.461252409309964
0.486652977412731,60000.0,0.6738283208438898,put,Bates,1304.2157465192577,-0.04510708524870944,2.3738995928171022e-06,-9.49669820593408,27.36368304103962
0.486652977412731,62000.0,0.6962892648720194,put,Bates,1492.4409908028683,-0.05270083065945397,2.8446395092043894e-06,-10.514422890868445,30.51273033306643
0.486652977412731,64000.0,0.7187502089001491,put,Bates,1704.1675870329054,-0.061513416857206314,3.4104212370741826e-06,-11.609224986328627,33.92012847434671
0.486652977412731,65000.0,0.7299806809142139,put,Bates,1819.7467530306749,-0.06644201629904715,3.735614497013727e-06,-12.186331464217801,35.72387526510283
0.486652977412731,66000.0,0.7412111529282788,put,Bates,1942.3388823987261,-0.07175907530866993,4.09326012062189e-06,-12.783560360483534,37.59561821207171
0.486652977412731,68000.0,0.7636720969564084,put,Bates,2210.3583453393658,-0.08369892210636756,4.921063032409107e-06,-14.038827084645163,41.545066380058415
0.486652977412731,70000.0,0.7861330409845381,put,Bates,2512.18593722675,-0.09765198262798465,5.9284950202054066e-06,-15.37455456648604,45.76734962902265
0.486652977412731,72000.0,0.8085939850126677,put,Bates,2852.4513925558713,-0.11400559934810692,7.156665372337161e-06,-16.787054804866784,50.24946405101218
0.486652977412731,74000.0,0.8310549290407974,put,Bates,3236.5757921743207,-0.13322088890168435,8.650259442439725e-06,-18.267335861572064,54.95941661138204
0.486652977412731,75000.0,0.8422854010548622,put,Bates,3447.023129272886,-0.1440646478592473,9.509868862275848e-06,-19.02793113113148,57.3823793019983
0.486652977412731,76000.0,0.8535158730689271,put,Bates,3670.8801880172687,-0.15582584130232677,1.0450283648116295e-05,-19.798183849430643,59.836887288838625
0.486652977412731,78000.0,0.8759768170970567,put,Bates,4162.642458021437,-0.18238567067964784,1.258058949796905e-05,-21.350614052207675,64.78258155621006
0.486652977412731,80000.0,0.8984377611251864,put,Bates,4720.043888885411,-0.21343901903496326,1.5027933739951485e-05,-22.880451637363876,69.64880653904402
0.486652977412731,82000.0,0.920898705153316,put,Bates,5351.934685710701,-0.24939380131340544,1.7718909257570683e-05,-24.326469845080283,74.23560171373538
0.486652977412731,84000.0,0.9433596491814457,put,Bates,6067.356365317828,-0.2903884076984527,2.0500397613611903e-05,-25.611975268780952,78.29766338036279
0.486652977412731,85000.0,0.9545901211955105,put,Bates,6459.090702352434,-0.31270760832823796,2.1853571403010407e-05,-26.167924809764372,80.04806401731912
0.486652977412731,86000.0,0.9658205932095754,put,Bates,6874.796569365892,-0.33614068412148834,2.3134262352386827e-05,-26.65179204152082,81.56702350097476
0.486652977412731,88000.0,0.988281537237705,put,Bates,7781.225710901024,-0.38583204454886116,2.5323116051132837e-05,-27.36559627779934,83.79380712867714
0.9849418206707734,96000.0,1.0085661224926348,call,Bates,13114.648084078508,0.5967423429360753,1.5026557785779223e-05,-22.379380544807645,70.24354997229239
0.9849418206707734,98000.0,1.0295779167112313,call,Bates,12233.932705926338,0.5668520222877806,1.540797959998719e-05,-22.536476837434748,70.73128547745
0.9849418206707734,100000.0,1.050589710929828,call,Bates,11411.31291545854,0.5369843392606496,1.562961923834703e-05,-22.57345184751466,70.83964810844918
0.9849418206707734,102000.0,1.0716015051484244,call,Bates,10645.294760106539,0.5074420060671417,1.569032091441283e-05,-22.49531012782245,70.58461294764129
0.9849418206707734,104000.0,1.092613299367021,call,Bates,9933.897101028619,0.47850462818038003,1.559705452157263e-05,-22.310384017204342,69.99252754758345
0.9849418206707734,106000.0,1.1136250935856176,call,Bates,9274.733479097471,0.450416698330312,1.5363714794059698e-05,-22.029593142011436,69.0978248258034
0.9849418206707734,108000.0,1.1346368878042141,call,Bates,8665.106029331018,0.4233794565513435,1.5009287523906449e-05,-21.665576447576314,67.9403406506026
0.9849418206707734,110000.0,1.1556486820228107,call,Bates,8102.103071798389,0.39754699974960817,1.4555732171739828e-05,-21.231812224010355,66.5625843059388
0.9849418206707734,112000.0,1.1766604762414072,call,Bates,7582.692838912546,0.37302636487343876,1.4025931253315271e-05,-20.74182438243224,65.00726224676328
0.9849418206707734,114000.0,1.1976722704600038,call,Bates,7103.807523798438,0.3498808169438506,1.3441961839685657e-05,-20.208541064897872,63.315261687966995
0.9849418206707734,116000.0,1.2186840646786004,call,Bates,6662.413974731877,0.32813532176680715,1.2823854845507575e-05,-19.643835098144336,61.52419110712799
0.9849418206707734,118000.0,1.239695858897197,call,Bates,6255.569458425958,0.30778316609765816,1.2188849694549625e-05,-19.05824396819662,59.6674772530605
0.9849418206707734,120000.0,1.2607076531157935,call,Bates,5880.462643424777,0.2887928416081086,1.1551098707553226e-05,-18.46084512077141,57.773949288457516
0.9849418206707734,125000.0,1.3132371386622848,call,Bates,5064.574731444507,0.24691850517014508,1.001081334269803e-05,-16.96227065408675,53.02713764849614
0.9849418206707734,130000.0,1.3657666242087763,call,Bates,4394.392048447964,0.2121794109479704,8.62038871644199e-06,-15.517562812794495,48.456003658429836
0.9849418206707734,135000.0,1.4182961097552675,call,Bates,3840.261946159906,0.18342091430489119,7.4144682867494525e-06,-14.170674573248107,44.199802711591474
0.9849418206707734,140000.0,1.470825595301759,call,Bates,3378.7034173896554,0.1595669415598017,6.390167265421184e-06,-12.939656269802072,40.315018772616895
0.9849418206707734,150000.0,1.5758845663947418,call,Bates,2663.7645265020856,0.12304860146399678,4.806084203578369e-06,-10.828939244140201,33.66727945713137
0.9849418206707734,160000.0,1.6809435374877246,call,Bates,2145.5522212054893,0.09711335583618531,3.6897402650929304e-06,-9.136214075526368,28.349145371248596
0.9849418206707734,170000.0,1.7860025085807074,call,Bates,1759.8165806623447,0.07822360629172344,2.8925574741070884e-06,-7.781369515140796,24.101608380897233
0.9849418206707734,180000.0,1.89106147967369,call,Bates,1465.9026477886027,0.06413128575925248,2.3119251509096666e-06,-6.690682320903761,20.68842872758978
0.9849418206707734,190000.0,1.9961204507666728,call,Bates,1237.3431038789045,0.05338727797924615,1.8800864996456492e-06,-5.804860155300048,17.920676359017307
0.9849418206707734,200000.0,2.101179421859656,call,Bates,1056.417204740109,0.04503653785999159,1.55244098862065e-06,-5.078333879616821,15.653743114489771
0.9849418206707734,210000.0,2.2062383929526383,call,Bates,910.9475777233788,0.03843441718042366,1.2992402019659818e-06,-4.476570091523172,13.778385072805577
0.9849418206707734,220000.0,2.3112973640456214,call,Bates,792.3664069532501,0.03313555525496334,1.1002909134018981e-06,-3.9734192942146365,12.212085011469753
0.9849418206707734,50000.0,0.525294855464914,put,Bates,1464.244044659834,-0.03250382055849005,1.185649696576102e-06,-5.405178616689227,16.690568232661462
0.9849418206707734,60000.0,0.6303538265578967,put,Bates,2619.3196273257054,-0.06260573214983786,2.4528489928662186e-06,-8.672756460044184,26.935760593914893
0.9849418206707734,65000.0,0.6828833121043881,put,Bates,3416.1756274863073,-0.08482670297163893,3.441973233704613e-06,-10.648036296741338,33.16104898804042
0.9849418206707734,70000.0,0.7354127976508795,put,Bates,4397.989320419205,-0.11347462474142558,4.756569732414911e-06,-12.81667352860677,40.0160735945974
0.9849418206707734,72000.0,0.7564245918694761,put,Bates,4850.246052063158,-0.12705669832692315,5.387308383476254e-06,-13.724449415516574,42.889826286409516
0.9849418206707734,74000.0,0.7774363860880726,put,Bates,5340.173146373447,-0.14199366241100525,6.08134545565124e-06,-14.646036342310254,45.80880316789262
0.9849418206707734,76000.0,0.7984481803066692,put,Bates,5870.353068272307,-0.1583738521764052,6.838172923296676e-06,-15.573147475864971,48.746009224123554
0.9849418206707734,78000.0,0.8194599745252658,put,Bates,6443.440483982762,-0.17627388786627637,7.654238461673229e-06,-16.4957869189966,51.66897348826751
0.9849418206707734,80000.0,0.8404717687438623,put,Bates,7062.119687876606,-0.1957515338087189,8.522131931332794e-06,-17.402246488214587,54.53982856342918
0.9849418206707734,82000.0,0.8614835629624589,put,Bates,7729.048133504155,-0.2168376644072628,9.42991641611915e-06,-18.279247542697703,57.315857634239364
0.9849418206707734,84000.0,0.8824953571810554,put,Bates,8446.786378534365,-0.23952798295576577,1.0360767481595216e-05,-19.11226265793084,59.95060224086046
0.9849418206707734,86000.0,0.903507151399652,put,Bates,9217.716480265139,-0.26377540343366934,1.1293080465947141e-05,-19.886034562208806,62.39556772852666
0.9849418206707734,88000.0,0.9245189456182484,put,Bates,10043.952829631162,-0.2894841850764634,1.2201184253603769e-05,-20.585282792162616,64.60248117655283
0.9849418206707734,90000.0,0.945530739836845,put,Bates,10927.251287571722,-0.31650693540124447,1.3056696706284026e-05,-21.19555518690322,66.5259586974571
0.9849418206707734,92000.0,0.9665425340554415,put,Bates,11868.92391762769,-0.3446454185026849,1.3830471157707599e-05,-21.704147654701956,68.12634328234708
0.9849418206707734,94000.0,0.9875543282740381,put,Bates,12869.767224806303,-0.37365570883103927,1.4494940109511933e-05,-22.1009894751478,69.37240258412203
